File,CountLineCode,CountLineComment,CountStmt,MaxNesting,RatioCommentToCode,Cyclomatic,CountInput,CountOutput,num_if_inloop,num_loop_inif,num_nested_loop,num_nested_loop_incrit,synchronization,thread,io_in_loop,database_in_loop,collection_in_loop,io,database,collection,recursive,lines_deleted,lines_added,num_general_bugs,num_perf_bugs,num_revisions,num_general_fixing_revisions,num_perf_fixing_revisions,label
/home/gzhao/performance_bug_prediction/github_data_collection/projects/Chronicle-Network/jmh/src/main/java/net/openhft/chronicle/network/VerySimpleClient.java,8.4,0.8,6.4,0.7,0.044,1.9,2.0,5.8,0.1,0.3,0.2,0.0,0.1,0.0,0.1,0.0,0.0,0.7,0.0,0.3,0.0,0,0,0,0,0,0,0,0
/home/gzhao/performance_bug_prediction/github_data_collection/projects/Chronicle-Network/jmh/src/main/java/net/openhft/chronicle/network/WireEchoRequestHandler.java,3.2,1.4,1.0,0.0,0.11599999999999999,1.0,0.6,1.0,0.0,0.0,0.0,0.0,0.0,0.0,0.0,0.0,0.0,0.8,0.0,0.0,0.0,4,2,0,0,1,0,0,0
/home/gzhao/performance_bug_prediction/github_data_collection/projects/Chronicle-Network/src/main/java/net/openhft/chronicle/network/AcceptStrategy.java,1.0,7.0,1.0,0.0,7.0,0.0,1.0,1.0,0.0,0.0,0.0,0.0,0.0,0.0,0.0,0.0,0.0,0.0,0.0,0.0,0.0,0,0,0,0,0,0,0,0
/home/gzhao/performance_bug_prediction/github_data_collection/projects/Chronicle-Network/src/main/java/net/openhft/chronicle/network/AcceptorEventHandler.java,3.0,0.0,2.0,0.0,0.0,1.0,0.6666666666666666,1.0,0.0,0.0,0.0,0.0,0.0,0.0,0.0,0.0,0.0,0.0,0.0,0.0,0.0,43,45,1,0,7,1,0,1
/home/gzhao/performance_bug_prediction/github_data_collection/projects/Chronicle-Network/src/main/java/net/openhft/chronicle/network/AlwaysStartOnPrimaryConnectionStrategy.java,3.6666666666666665,0.0,2.6666666666666665,0.0,0.0,1.0,1.1666666666666667,2.0,0.0,0.0,0.0,0.0,0.0,0.0,0.0,0.0,0.0,0.0,1.8333333333333333,0.0,0.0,0,0,0,0,0,0,0,1
/home/gzhao/performance_bug_prediction/github_data_collection/projects/Chronicle-Network/src/main/java/net/openhft/chronicle/network/ClientClosedProvider.java,3.0,3.0,2.0,0.0,1.0,1.0,3.0,1.0,0.0,0.0,0.0,0.0,0.0,0.0,0.0,0.0,0.0,0.0,0.0,0.0,0.0,13,10,1,0,3,1,0,0
/home/gzhao/performance_bug_prediction/github_data_collection/projects/Chronicle-Network/src/main/java/net/openhft/chronicle/network/ClientSessionProvider.java,3.0,0.0,2.0,0.0,0.0,1.0,0.6666666666666666,0.6666666666666666,0.0,0.0,0.0,0.0,0.0,0.0,0.0,0.0,0.0,0.0,0.0,0.3333333333333333,0.0,20,19,0,0,4,0,0,0
/home/gzhao/performance_bug_prediction/github_data_collection/projects/Chronicle-Network/src/main/java/net/openhft/chronicle/network/ConnectionDetails.java,3.75,0.0,2.125,0.0,0.0,1.0,1.375,1.25,0.0,0.0,0.0,0.0,0.0,0.0,0.0,0.0,0.0,0.0,1.125,0.25,0.0,4,5,0,0,1,0,0,0
/home/gzhao/performance_bug_prediction/github_data_collection/projects/Chronicle-Network/src/main/java/net/openhft/chronicle/network/ConnectionListener.java,1.0,0.0,1.0,0.0,0.0,0.0,2.0,0.0,0.0,0.0,0.0,0.0,0.0,0.0,0.0,0.0,0.0,0.0,1.0,1.0,0.0,10,7,1,0,2,1,0,0
/home/gzhao/performance_bug_prediction/github_data_collection/projects/Chronicle-Network/src/main/java/net/openhft/chronicle/network/ConnectionStrategy.java,9.0,3.8,5.6,0.6,0.868,2.0,3.2,4.2,0.6,0.0,0.0,0.0,0.2,0.6,0.0,0.2,0.0,0.0,1.4,0.0,0.0,5,7,1,0,1,1,0,1
/home/gzhao/performance_bug_prediction/github_data_collection/projects/Chronicle-Network/src/main/java/net/openhft/chronicle/network/HeaderTcpHandler.java,3.0,0.0,2.0,0.0,0.0,1.0,1.5,2.0,0.0,0.0,0.0,0.0,0.0,0.0,0.0,0.0,0.0,0.0,0.0,0.0,0.0,37,20,0,0,4,0,0,0
/home/gzhao/performance_bug_prediction/github_data_collection/projects/Chronicle-Network/src/main/java/net/openhft/chronicle/network/HeartbeatListener.java,2.0,4.0,1.5,0.0,3.0,0.5,1.5,1.0,0.0,0.0,0.0,0.0,0.0,0.0,0.0,0.0,0.0,0.0,0.0,1.0,0.0,10,7,1,0,2,1,0,0
/home/gzhao/performance_bug_prediction/github_data_collection/projects/Chronicle-Network/src/main/java/net/openhft/chronicle/network/MarshallableFunction.java,2.0,0.0,1.0,0.0,0.0,1.0,0.0,0.0,0.0,0.0,0.0,0.0,0.0,0.0,0.0,0.0,0.0,1.0,0.0,0.0,0.0,12,10,1,0,3,1,0,0
/home/gzhao/performance_bug_prediction/github_data_collection/projects/Chronicle-Network/src/main/java/net/openhft/chronicle/network/MethodTcpHandler.java,5.75,0.0,4.25,0.5,0.0,1.75,2.0,4.25,0.5,0.0,0.0,0.0,0.0,0.0,0.25,0.0,0.0,0.75,0.0,0.0,0.0,3,3,0,0,1,0,0,0
/home/gzhao/performance_bug_prediction/github_data_collection/projects/Chronicle-Network/src/main/java/net/openhft/chronicle/network/NetworkContext.java,1.2592592592592593,0.037037037037037035,1.1111111111111112,0.0,0.018518518518518517,0.1851851851851852,1.7037037037037035,0.8888888888888888,0.0,0.0,0.0,0.0,0.0,0.1851851851851852,0.0,0.0,0.0,0.0,0.1851851851851852,0.5555555555555556,0.0,23,27,0,0,5,0,0,1
/home/gzhao/performance_bug_prediction/github_data_collection/projects/Chronicle-Network/src/main/java/net/openhft/chronicle/network/NetworkContextManager.java,1.0,0.0,1.0,0.0,0.0,0.0,2.5,0.5,0.0,0.0,0.0,0.0,0.0,0.0,0.0,0.0,0.0,0.0,0.0,0.0,0.0,17,12,0,0,4,0,0,0
/home/gzhao/performance_bug_prediction/github_data_collection/projects/Chronicle-Network/src/main/java/net/openhft/chronicle/network/NetworkLog.java,7.5,0.25,7.75,1.0,0.0625,2.75,4.75,4.5,0.0,0.75,0.0,0.0,0.0,0.0,0.0,0.0,0.0,0.0,0.0,0.0,0.0,12,11,0,0,3,0,0,0
/home/gzhao/performance_bug_prediction/github_data_collection/projects/Chronicle-Network/src/main/java/net/openhft/chronicle/network/NetworkStatsListener.java,2.4285714285714284,0.8571428571428571,1.5714285714285714,0.14285714285714285,0.10714285714285714,0.5714285714285714,1.2857142857142858,0.8571428571428571,0.0,0.0,0.0,0.0,0.0,0.0,0.0,0.0,0.0,0.14285714285714285,0.0,1.1428571428571428,0.0,15,13,0,0,3,0,0,1
/home/gzhao/performance_bug_prediction/github_data_collection/projects/Chronicle-Network/src/main/java/net/openhft/chronicle/network/ReadWithFlowControl.java,17.666666666666668,2.6666666666666665,15.333333333333336,0.6666666666666666,0.05666666666666668,2.6666666666666665,3.6666666666666665,6.0,0.0,0.0,0.0,0.0,0.0,0.0,0.0,0.0,0.0,0.3333333333333333,0.0,0.0,0.0,24,25,0,0,2,0,0,0
/home/gzhao/performance_bug_prediction/github_data_collection/projects/Chronicle-Network/src/main/java/net/openhft/chronicle/network/RemoteConnector.java,4.888888888888889,0.0,2.888888888888889,0.1111111111111111,0.0,1.1111111111111112,1.6666666666666667,2.4444444444444446,0.0,0.0,0.0,0.0,0.1111111111111111,0.0,0.0,0.0,0.0,0.0,0.0,0.5555555555555556,0.0,32,26,1,0,3,1,0,1
/home/gzhao/performance_bug_prediction/github_data_collection/projects/Chronicle-Network/src/main/java/net/openhft/chronicle/network/ServerThreadingStrategy.java,1.5,0.0,1.0,0.0,0.0,1.0,0.5,1.0,0.0,0.0,0.0,0.0,0.0,1.0,0.0,0.0,0.0,0.0,0.0,0.0,0.0,8,7,0,0,2,0,0,0
/home/gzhao/performance_bug_prediction/github_data_collection/projects/Chronicle-Network/src/main/java/net/openhft/chronicle/network/SessionMode.java,0.0,0.0,0.0,0.0,0.0,1.0,0.0,1.0,0.0,0.0,0.0,0.0,0.0,0.0,0.0,0.0,0.0,0.0,0.0,0.0,0.0,12,11,0,0,3,0,0,0
/home/gzhao/performance_bug_prediction/github_data_collection/projects/Chronicle-Network/src/main/java/net/openhft/chronicle/network/SocketConnectionNotifier.java,2.6666666666666665,0.0,1.3333333333333333,0.0,0.0,0.6666666666666666,0.6666666666666666,0.6666666666666666,0.0,0.0,0.0,0.0,0.0,0.0,0.0,0.0,0.0,0.0,2.0,0.0,0.0,4,1,1,0,1,1,0,0
/home/gzhao/performance_bug_prediction/github_data_collection/projects/Chronicle-Network/src/main/java/net/openhft/chronicle/network/TCPRegistry.java,5.333333333333333,0.4166666666666667,4.25,0.4166666666666667,0.03,1.5833333333333333,2.6666666666666665,3.5,0.16666666666666666,0.0,0.0,0.0,0.0,0.0,0.0,0.0,0.25,0.0,0.0,1.0833333333333333,0.0,31,71,0,0,5,0,0,0
/home/gzhao/performance_bug_prediction/github_data_collection/projects/Chronicle-Network/src/main/java/net/openhft/chronicle/network/TcpEventHandler.java,8.714285714285714,0.9047619047619048,6.571428571428571,0.6190476190476191,0.4252380952380953,2.095238095238096,3.2857142857142856,4.190476190476192,0.09523809523809523,0.0,0.0,0.0,0.047619047619047616,0.19047619047619047,0.09523809523809523,0.0,0.0,0.8095238095238095,0.0,0.42857142857142855,0.0,259,298,4,0,18,4,0,1
/home/gzhao/performance_bug_prediction/github_data_collection/projects/Chronicle-Network/src/main/java/net/openhft/chronicle/network/TcpEventHandlerManager.java,1.0,0.0,1.0,0.0,0.0,0.0,0.0,0.0,0.0,0.0,0.0,0.0,0.0,0.0,0.0,0.0,0.0,0.0,0.0,0.0,0.0,14,12,0,0,3,0,0,0
/home/gzhao/performance_bug_prediction/github_data_collection/projects/Chronicle-Network/src/main/java/net/openhft/chronicle/network/VanillaNetworkContext.java,3.2916666666666665,0.2916666666666667,2.2916666666666665,0.0,0.08333333333333333,1.0,1.0416666666666667,1.2916666666666667,0.0,0.0,0.0,0.0,0.0,0.2083333333333333,0.0,0.0,0.0,0.0,0.0,0.4166666666666667,0.0,84,44,1,0,7,1,0,1
/home/gzhao/performance_bug_prediction/github_data_collection/projects/Chronicle-Network/src/main/java/net/openhft/chronicle/network/VanillaSessionDetails.java,3.869565217391304,0.13043478260869565,2.347826086956522,0.08695652173913042,0.02608695652173913,1.0869565217391304,1.7826086956521738,1.391304347826087,0.0,0.0,0.0,0.0,0.0,0.0,0.0,0.0,0.0,0.0,0.0,0.13043478260869565,0.0,12,11,0,0,3,0,0,0
/home/gzhao/performance_bug_prediction/github_data_collection/projects/Chronicle-Network/src/main/java/net/openhft/chronicle/network/WanSimulator.java,4.5,0.0,4.0,0.5,0.0,2.0,3.5,2.0,0.0,0.0,0.0,0.0,0.0,0.0,0.0,0.0,0.0,0.0,0.0,0.0,0.0,12,11,0,0,3,0,0,0
/home/gzhao/performance_bug_prediction/github_data_collection/projects/Chronicle-Network/src/main/java/net/openhft/chronicle/network/WireTcpHandler.java,7.56,0.72,5.48,0.64,0.13720000000000002,1.96,3.12,3.0,0.0,0.0,0.0,0.0,0.0,0.0,0.0,0.0,0.0,1.12,0.04,0.4,0.0,45,42,1,0,4,1,0,0
/home/gzhao/performance_bug_prediction/github_data_collection/projects/Chronicle-Network/src/main/java/net/openhft/chronicle/network/WireTypeSniffingTcpHandler.java,10.666666666666666,1.0,8.666666666666666,0.3333333333333333,0.04,3.333333333333333,2.6666666666666665,5.666666666666668,0.0,0.0,0.0,0.0,0.0,0.0,0.0,0.0,0.0,0.0,0.0,0.3333333333333333,0.0,17,21,1,0,4,1,0,0
/home/gzhao/performance_bug_prediction/github_data_collection/projects/Chronicle-Network/src/main/java/net/openhft/chronicle/network/api/NetworkStats.java,3.5,0.0,2.5,0.0,0.0,1.0,1.0,1.5,0.0,0.0,0.0,0.0,0.0,0.0,0.0,0.0,0.0,0.14285714285714285,0.0,0.0,0.0,3,16,0,0,1,0,0,0
/home/gzhao/performance_bug_prediction/github_data_collection/projects/Chronicle-Network/src/main/java/net/openhft/chronicle/network/api/TcpHandler.java,2.375,0.875,1.125,0.0,0.875,0.875,2.125,0.125,0.0,0.0,0.0,0.0,0.0,0.0,0.0,0.0,0.0,0.25,0.125,0.0,0.0,10,7,1,0,2,1,0,0
/home/gzhao/performance_bug_prediction/github_data_collection/projects/Chronicle-Network/src/main/java/net/openhft/chronicle/network/api/session/SessionDetails.java,1.6153846153846154,0.0,1.0769230769230769,0.0,0.0,0.07692307692307693,1.5384615384615383,1.7692307692307692,0.0,0.0,0.0,0.0,0.0,0.0,0.0,0.0,0.0,0.6153846153846154,0.0,0.07692307692307693,0.0,4,5,0,0,1,0,0,0
/home/gzhao/performance_bug_prediction/github_data_collection/projects/Chronicle-Network/src/main/java/net/openhft/chronicle/network/api/session/SessionDetailsProvider.java,2.1666666666666665,0.0,1.9166666666666667,0.08333333333333333,0.0,0.3333333333333333,1.5833333333333333,1.25,0.0,0.0,0.0,0.0,0.0,0.0,0.0,0.0,0.0,0.16666666666666666,0.08333333333333333,0.0,0.0,9,6,0,0,1,0,0,0
/home/gzhao/performance_bug_prediction/github_data_collection/projects/Chronicle-Network/src/main/java/net/openhft/chronicle/network/api/session/SessionProvider.java,1.0,4.0,1.0,0.0,4.0,0.0,0.5,0.5,0.0,0.0,0.0,0.0,0.0,0.0,0.0,0.0,0.0,0.0,0.0,0.5,0.0,13,9,0,0,3,0,0,0
/home/gzhao/performance_bug_prediction/github_data_collection/projects/Chronicle-Network/src/main/java/net/openhft/chronicle/network/api/session/SubHandler.java,1.0,0.5,1.0,0.0,0.5,0.0,0.8,0.3,0.0,0.0,0.0,0.0,0.0,0.0,0.0,0.0,0.0,0.0,0.0,0.0,0.0,17,10,0,0,4,0,0,0
/home/gzhao/performance_bug_prediction/github_data_collection/projects/Chronicle-Network/src/main/java/net/openhft/chronicle/network/api/session/WritableSubHandler.java,1.0,0.0,1.0,0.0,0.0,0.0,1.0,0.0,0.0,0.0,0.0,0.0,0.0,0.0,0.0,0.0,0.0,1.0,0.0,0.0,0.0,6,7,0,0,2,0,0,0
/home/gzhao/performance_bug_prediction/github_data_collection/projects/Chronicle-Network/src/main/java/net/openhft/chronicle/network/cluster/AbstractSubHandler.java,2.875,0.0,1.9375,0.0,0.0,0.9375,2.0625,1.0625,0.0,0.0,0.0,0.0,0.0,0.0,0.0,0.0,0.0,0.0625,0.0,0.0,0.0,8,6,0,0,2,0,0,0
/home/gzhao/performance_bug_prediction/github_data_collection/projects/Chronicle-Network/src/main/java/net/openhft/chronicle/network/cluster/Cluster.java,5.785714285714287,0.21428571428571427,4.857142857142857,0.7857142857142857,0.010714285714285714,1.8571428571428568,2.357142857142857,3.7142857142857135,0.14285714285714285,0.0,0.0,0.0,0.0,0.0,0.07142857142857142,0.0,0.14285714285714285,0.21428571428571427,0.5,0.42857142857142855,0.0,22,19,2,0,4,2,0,0
/home/gzhao/performance_bug_prediction/github_data_collection/projects/Chronicle-Network/src/main/java/net/openhft/chronicle/network/cluster/ClusterContext.java,3.918918918918919,0.0,2.810810810810811,0.027027027027027032,0.0,0.972972972972973,1.7297297297297298,1.945945945945946,0.0,0.0,0.0,0.0,0.0,0.13513513513513514,0.0,0.0,0.0,0.13513513513513514,0.4864864864864865,0.1891891891891892,0.0,105,82,1,0,10,1,0,0
/home/gzhao/performance_bug_prediction/github_data_collection/projects/Chronicle-Network/src/main/java/net/openhft/chronicle/network/cluster/ClusterNotifier.java,4.75,0.0,3.75,0.5,0.0,1.5,3.0,2.75,0.0,0.0,0.0,0.0,0.0,0.0,0.0,0.0,0.0,0.0,1.25,0.25,0.0,10,11,1,0,3,1,0,0
/home/gzhao/performance_bug_prediction/github_data_collection/projects/Chronicle-Network/src/main/java/net/openhft/chronicle/network/cluster/ClusteredNetworkContext.java,1.5,0.0,1.25,0.0,0.0,0.25,1.0,1.0,0.0,0.0,0.0,0.0,0.0,0.0,0.0,0.0,0.0,0.0,0.0,0.0,0.0,3,3,0,0,1,0,0,0
/home/gzhao/performance_bug_prediction/github_data_collection/projects/Chronicle-Network/src/main/java/net/openhft/chronicle/network/cluster/ConnectionChangedNotifier.java,1.0,0.0,1.0,0.0,0.0,0.0,4.0,0.0,0.0,0.0,0.0,0.0,0.0,0.0,0.0,0.0,0.0,0.0,1.0,0.0,0.0,11,9,1,0,3,1,0,0
/home/gzhao/performance_bug_prediction/github_data_collection/projects/Chronicle-Network/src/main/java/net/openhft/chronicle/network/cluster/ConnectionManager.java,1.0,2.0,1.0,0.0,2.0,0.0,0.0,0.0,0.0,0.0,0.0,0.0,0.0,0.0,0.0,0.0,0.0,0.0,2.0,2.0,0.0,12,10,0,0,2,0,0,0
/home/gzhao/performance_bug_prediction/github_data_collection/projects/Chronicle-Network/src/main/java/net/openhft/chronicle/network/cluster/ConnectionNotifier.java,3.0,0.0,1.0,0.0,0.0,0.0,1.0,1.0,0.0,0.0,0.0,0.0,0.0,0.0,0.0,0.0,0.0,0.0,1.0,0.0,0.0,4,5,0,0,1,0,0,0
/home/gzhao/performance_bug_prediction/github_data_collection/projects/Chronicle-Network/src/main/java/net/openhft/chronicle/network/cluster/HeartbeatEventHandler.java,1.0,0.0,1.0,0.0,0.0,0.0,1.0,0.0,0.0,0.0,0.0,0.0,0.0,0.0,0.0,0.0,0.0,0.0,0.0,0.0,0.0,8,6,1,0,2,1,0,0
/home/gzhao/performance_bug_prediction/github_data_collection/projects/Chronicle-Network/src/main/java/net/openhft/chronicle/network/cluster/HostConnector.java,10.0,0.4,7.0,0.8,0.016,2.4,4.6,6.4,0.0,0.0,0.0,0.0,0.0,0.4,0.2,0.0,0.0,0.4,0.0,1.4,0.0,34,33,1,0,4,1,0,1
/home/gzhao/performance_bug_prediction/github_data_collection/projects/Chronicle-Network/src/main/java/net/openhft/chronicle/network/cluster/HostDetails.java,3.1666666666666665,0.0,2.1666666666666665,0.0,0.0,1.0,1.7222222222222223,1.1666666666666667,0.0,0.0,0.0,0.0,0.0,0.0,0.0,0.0,0.0,0.0,0.5555555555555556,0.0,0.0,53,14,1,0,3,1,0,0
/home/gzhao/performance_bug_prediction/github_data_collection/projects/Chronicle-Network/src/main/java/net/openhft/chronicle/network/cluster/HostIdConnectionNotifier.java,4.5,1.5,2.5,0.5,0.215,1.5,1.5,1.5,0.0,0.0,0.0,0.0,0.0,0.0,0.0,0.0,0.0,0.5,1.0,0.0,0.0,4,5,0,0,1,0,0,0
/home/gzhao/performance_bug_prediction/github_data_collection/projects/Chronicle-Network/src/main/java/net/openhft/chronicle/network/cluster/TerminationEventHandler.java,2.0,0.0,1.5,0.0,0.0,0.5,1.0,0.5,0.0,0.0,0.0,0.0,0.0,0.0,0.0,0.0,0.0,0.0,0.0,0.0,0.0,11,9,0,0,3,0,0,0
/home/gzhao/performance_bug_prediction/github_data_collection/projects/Chronicle-Network/src/main/java/net/openhft/chronicle/network/cluster/TerminatorHandler.java,4.0,0.0,2.0,0.2,0.0,1.2,0.6,1.4,0.0,0.0,0.0,0.0,0.0,0.0,0.0,0.0,0.0,1.4,0.0,0.2,0.0,12,11,0,0,4,0,0,0
/home/gzhao/performance_bug_prediction/github_data_collection/projects/Chronicle-Network/src/main/java/net/openhft/chronicle/network/cluster/handlers/CspTcpHandler.java,4.5,0.0,3.25,0.25,0.0,1.25,2.75,2.5,0.0,0.0,0.0,0.0,0.0,0.0,0.0,0.0,0.0,0.0,0.0,0.0,0.0,19,47,1,0,5,1,0,0
/home/gzhao/performance_bug_prediction/github_data_collection/projects/Chronicle-Network/src/main/java/net/openhft/chronicle/network/cluster/handlers/HeartbeatHandler.java,5.7727272727272725,0.4545454545454545,4.0,0.3636363636363637,0.08136363636363636,1.5454545454545454,1.8181818181818181,3.9090909090909087,0.0,0.0,0.0,0.0,0.0,0.0,0.0,0.0,0.0,0.8636363636363636,0.18181818181818185,0.2272727272727273,0.0,63,132,0,0,3,0,0,0
/home/gzhao/performance_bug_prediction/github_data_collection/projects/Chronicle-Network/src/main/java/net/openhft/chronicle/network/cluster/handlers/Registerable.java,1.0,0.0,1.0,0.0,0.0,0.0,1.0,0.5,0.0,0.0,0.0,0.0,0.0,0.0,0.0,0.0,0.0,0.0,0.0,0.5,0.0,4,1,0,0,1,0,0,0
/home/gzhao/performance_bug_prediction/github_data_collection/projects/Chronicle-Network/src/main/java/net/openhft/chronicle/network/cluster/handlers/UberHandler.java,5.083333333333333,0.375,3.0,0.25,0.025,1.3333333333333333,1.9166666666666667,3.125,0.0,0.0,0.0,0.0,0.0,0.041666666666666664,0.0,0.0,0.0,0.5833333333333334,0.3333333333333333,0.125,0.0,122,143,4,0,13,5,0,0
/home/gzhao/performance_bug_prediction/github_data_collection/projects/Chronicle-Network/src/main/java/net/openhft/chronicle/network/connection/AbstractAsyncSubscription.java,3.8,1.8,2.2,0.0,1.334,0.8,1.6,1.8,0.0,0.0,0.0,0.0,0.2,0.2,0.0,0.0,0.0,0.6,1.0,0.0,0.0,12,9,0,0,2,0,0,0
/home/gzhao/performance_bug_prediction/github_data_collection/projects/Chronicle-Network/src/main/java/net/openhft/chronicle/network/connection/AbstractStatelessClient.java,5.8113207547169825,0.8679245283018868,3.1886792452830184,0.1320754716981132,0.15433962264150944,1.2264150943396226,3.5660377358490565,3.0566037735849063,0.0,0.0,0.0,0.0,0.3584905660377358,0.1320754716981132,0.018867924528301886,0.0,0.0,0.5094339622641509,1.0,0.03773584905660377,0.0,98,193,1,0,7,1,0,0
/home/gzhao/performance_bug_prediction/github_data_collection/projects/Chronicle-Network/src/main/java/net/openhft/chronicle/network/connection/AsyncSubscription.java,1.0,4.25,1.0,0.0,4.25,0.0,1.25,0.25,0.0,0.0,0.0,0.0,0.0,0.0,0.0,0.0,0.0,0.0,1.0,0.0,0.0,8,9,0,0,2,0,0,0
/home/gzhao/performance_bug_prediction/github_data_collection/projects/Chronicle-Network/src/main/java/net/openhft/chronicle/network/connection/ClientConnectionMonitor.java,1.0,6.5,1.0,0.0,6.5,0.0,1.0,0.0,0.0,0.0,0.0,0.0,0.0,0.0,0.0,0.0,0.0,0.0,1.0,0.0,0.0,12,10,1,0,3,1,0,0
/home/gzhao/performance_bug_prediction/github_data_collection/projects/Chronicle-Network/src/main/java/net/openhft/chronicle/network/connection/ConnectionListeners.java,2.0,0.0,1.2,0.0,0.0,1.0,1.2,1.4,0.0,0.0,0.0,0.0,0.0,0.0,0.0,0.0,0.0,0.0,1.0,1.0,0.0,3,16,0,0,1,0,0,0
/home/gzhao/performance_bug_prediction/github_data_collection/projects/Chronicle-Network/src/main/java/net/openhft/chronicle/network/connection/CoreFields.java,4.666666666666667,0.0,3.333333333333333,0.3333333333333333,0.0,1.3333333333333333,2.6666666666666665,3.6666666666666665,0.0,0.0,0.0,0.0,0.0,0.0,0.0,0.0,0.0,0.0,1.0,0.0,0.0,12,9,0,0,2,0,0,0
/home/gzhao/performance_bug_prediction/github_data_collection/projects/Chronicle-Network/src/main/java/net/openhft/chronicle/network/connection/EventId.java,0.0,0.0,0.0,0.0,0.0,1.0,0.0,1.0,0.0,0.0,0.0,0.0,0.0,0.0,0.0,0.0,0.0,0.0,1.0,0.0,0.0,8,9,0,0,2,0,0,0
/home/gzhao/performance_bug_prediction/github_data_collection/projects/Chronicle-Network/src/main/java/net/openhft/chronicle/network/connection/FatalFailureMonitor.java,3.0,6.0,2.0,0.0,2.0,1.0,5.0,1.0,0.0,0.0,0.0,0.0,0.0,0.0,0.0,0.0,0.0,0.0,1.0,0.0,0.0,4,1,1,0,1,1,0,0
/home/gzhao/performance_bug_prediction/github_data_collection/projects/Chronicle-Network/src/main/java/net/openhft/chronicle/network/connection/SocketAddressSupplier.java,4.125,0.75,3.0625,0.25,0.234375,1.3125,3.5,2.25,0.0,0.0,0.0,0.0,0.0,0.0,0.0,0.0,0.0,0.0,1.0,0.1875,0.0,8,9,0,0,2,0,0,0
/home/gzhao/performance_bug_prediction/github_data_collection/projects/Chronicle-Network/src/main/java/net/openhft/chronicle/network/connection/TcpChannelHub.java,9.40677966101695,1.9152542372881358,6.711864406779661,0.6949152542372882,0.2923728813559322,1.9322033898305084,4.0,4.016949152542373,0.4745762711864407,0.01694915254237288,0.01694915254237288,0.0,0.4915254237288136,0.559322033898305,0.0,0.0,0.06779661016949153,0.559322033898305,1.0508474576271187,0.2711864406779661,0.0,274,350,7,0,24,7,0,1
/home/gzhao/performance_bug_prediction/github_data_collection/projects/Chronicle-Network/src/main/java/net/openhft/chronicle/network/connection/ThreadPrivateTLongObjHashMap.java,4.407407407407407,0.037037037037037035,3.111111111111111,0.07407407407407407,0.002592592592592593,1.0740740740740742,2.6666666666666665,2.962962962962963,0.0,0.0,0.0,0.0,0.0,2.5555555555555562,0.0,0.0,0.0,0.0,1.0,1.5185185185185186,0.0,0,0,0,0,0,0,0,0
/home/gzhao/performance_bug_prediction/github_data_collection/projects/Chronicle-Network/src/main/java/net/openhft/chronicle/network/connection/TraceLock.java,5.428571428571429,0.0,4.428571428571429,0.5714285714285714,0.0,1.8571428571428568,0.42857142857142855,2.7142857142857144,0.0,0.0,0.0,0.0,1.8571428571428568,0.0,0.0,0.0,0.0,0.0,1.0,0.0,0.0,8,6,1,0,2,1,0,0
/home/gzhao/performance_bug_prediction/github_data_collection/projects/Chronicle-Network/src/main/java/net/openhft/chronicle/network/connection/TryLock.java,0.0,0.0,0.0,0.0,0.0,1.0,0.0,1.0,0.0,0.0,0.0,0.0,1.0,0.0,0.0,0.0,0.0,0.0,1.0,0.0,0.0,10,7,1,0,2,1,0,0
/home/gzhao/performance_bug_prediction/github_data_collection/projects/Chronicle-Network/src/main/java/net/openhft/chronicle/network/connection/VanillaWireOutPublisher.java,7.928571428571429,1.0,5.285714285714286,0.8571428571428571,0.13857142857142854,1.6428571428571428,2.7142857142857144,4.214285714285714,0.07142857142857142,0.0,0.0,0.0,0.9285714285714286,0.0,0.0,0.0,0.0,0.7142857142857143,1.0,0.0,0.0,10,9,0,0,3,0,0,1
/home/gzhao/performance_bug_prediction/github_data_collection/projects/Chronicle-Network/src/main/java/net/openhft/chronicle/network/connection/WireOutConsumer.java,1.0,0.0,1.0,0.0,0.0,0.0,1.0,0.0,0.0,0.0,0.0,0.0,0.0,0.0,0.0,0.0,0.0,0.0,1.0,0.0,0.0,7,6,0,0,1,0,0,0
/home/gzhao/performance_bug_prediction/github_data_collection/projects/Chronicle-Network/src/main/java/net/openhft/chronicle/network/connection/WireOutPublisher.java,2.833333333333333,0.8333333333333334,1.9166666666666667,0.0,0.5558333333333333,0.9166666666666666,1.4166666666666667,0.5833333333333334,0.0,0.0,0.0,0.0,0.0,0.0,0.0,0.0,0.0,0.16666666666666666,1.0,0.0,0.0,8,6,1,0,2,1,0,1
/home/gzhao/performance_bug_prediction/github_data_collection/projects/Chronicle-Network/src/main/java/net/openhft/chronicle/network/ssl/BufferHandler.java,1.0,7.0,1.0,0.0,7.0,0.0,1.0,0.6666666666666666,0.0,0.0,0.0,0.0,0.0,0.0,0.0,0.0,0.0,0.3333333333333333,0.0,0.0,0.0,0,0,0,0,0,0,0,0
/home/gzhao/performance_bug_prediction/github_data_collection/projects/Chronicle-Network/src/main/java/net/openhft/chronicle/network/ssl/BytesBufferHandler.java,13.0,2.75,9.5,0.75,0.2225,2.5,3.5,7.0,0.0,0.0,0.0,0.0,0.0,0.0,0.25,0.0,0.0,2.0,0.0,0.25,0.0,3,3,1,0,1,1,0,0
/home/gzhao/performance_bug_prediction/github_data_collection/projects/Chronicle-Network/src/main/java/net/openhft/chronicle/network/ssl/Handshaker.java,4.0,0.0,2.0,0.0,0.0,1.0,2.0,5.0,0.0,0.0,0.0,0.0,0.0,0.0,0.0,0.0,0.0,0.0,0.0,0.0,0.0,0,0,0,0,0,0,0,0
/home/gzhao/performance_bug_prediction/github_data_collection/projects/Chronicle-Network/src/main/java/net/openhft/chronicle/network/ssl/SslDelegatingTcpHandler.java,3.75,2.75,2.333333333333333,0.16666666666666666,0.7999999999999999,1.25,2.333333333333333,1.75,0.0,0.0,0.0,0.0,0.0,0.0,0.0,0.0,0.0,0.25,0.16666666666666666,0.0,0.0,4,5,1,0,1,1,0,1
/home/gzhao/performance_bug_prediction/github_data_collection/projects/Chronicle-Network/src/main/java/net/openhft/chronicle/network/ssl/SslEngineStateMachine.java,3.0,0.0,2.0,0.0,0.0,1.0,2.0,1.0,0.0,0.0,0.0,0.0,0.0,0.0,0.0,0.0,0.0,0.0,0.0,0.0,0.0,0,0,0,0,0,0,0,0
/home/gzhao/performance_bug_prediction/github_data_collection/projects/Chronicle-Network/src/main/java/net/openhft/chronicle/network/ssl/SslNetworkContext.java,1.0,0.0,1.0,0.0,0.0,0.0,1.0,1.0,0.0,0.0,0.0,0.0,0.0,0.0,0.0,0.0,0.0,0.0,0.0,0.0,0.0,0,0,0,0,0,0,0,0
