File,CountLineCode,CountLineComment,CountStmt,MaxNesting,RatioCommentToCode,Cyclomatic,CountInput,CountOutput,num_if_inloop,num_loop_inif,num_nested_loop,num_nested_loop_incrit,synchronization,thread,io_in_loop,database_in_loop,collection_in_loop,io,database,collection,recursive,lines_deleted,lines_added,num_general_bugs,num_perf_bugs,num_revisions,num_general_fixing_revisions,num_perf_fixing_revisions,label
/home/gzhao/performance_bug_prediction/github_data_collection/projects/fastjson/src/main/java/com/alibaba/fastjson/JSON.java,8.16470588235294,3.0,5.0470588235294125,0.5294117647058824,0.5859999999999999,1.7647058823529411,5.623529411764705,3.4941176470588236,0.023529411764705882,0.07058823529411765,0.0,0.0,0.0,0.0,0.0,0.0,0.011764705882352941,0.5411764705882353,0.0,1.0117647058823531,0.0,23,35,1,0,10,1,0,0
/home/gzhao/performance_bug_prediction/github_data_collection/projects/fastjson/src/main/java/com/alibaba/fastjson/JSONArray.java,4.5076923076923086,0.1076923076923077,3.2769230769230764,0.2153846153846154,0.02553846153846154,1.2615384615384615,2.4,2.507692307692308,0.0,0.015384615384615384,0.0,0.0,0.0,0.0,0.0,0.0,0.04615384615384616,0.0,0.0,2.323076923076924,0.0,17,22,2,0,5,3,0,0
/home/gzhao/performance_bug_prediction/github_data_collection/projects/fastjson/src/main/java/com/alibaba/fastjson/JSONAware.java,1.0,3.0,1.0,0.0,3.0,0.0,1.0,1.0,0.0,0.0,0.0,0.0,0.0,0.0,0.0,0.0,0.0,0.0,0.0,0.0,0.0,0,0,0,0,0,0,0,0
/home/gzhao/performance_bug_prediction/github_data_collection/projects/fastjson/src/main/java/com/alibaba/fastjson/JSONObject.java,7.019230769230767,0.0576923076923077,4.865384615384615,0.5192307692307693,0.008461538461538461,1.9807692307692308,2.4038461538461537,3.3076923076923075,0.019230769230769232,0.0,0.0,0.0,0.0,0.0,0.0,0.0,0.019230769230769232,0.0,0.0,1.0576923076923077,0.0,19,30,2,0,4,2,0,0
/home/gzhao/performance_bug_prediction/github_data_collection/projects/fastjson/src/main/java/com/alibaba/fastjson/JSONPObject.java,5.0,0.0,3.571428571428572,0.2857142857142857,0.0,1.4285714285714286,2.4285714285714284,2.0,0.14285714285714285,0.0,0.0,0.0,0.0,0.0,0.42857142857142855,0.0,0.0,2.142857142857143,0.0,0.2857142857142857,0.0,0,0,0,0,0,0,0,0
/home/gzhao/performance_bug_prediction/github_data_collection/projects/fastjson/src/main/java/com/alibaba/fastjson/JSONPatch.java,15.75,0.0,10.75,1.5,0.0,4.5,5.0,4.75,1.0,0.0,0.0,0.0,0.0,0.0,0.0,0.0,0.25,0.0,0.0,0.25,0.0,3,9,0,0,1,0,0,0
/home/gzhao/performance_bug_prediction/github_data_collection/projects/fastjson/src/main/java/com/alibaba/fastjson/JSONPath.java,18.10909090909091,0.7545454545454545,13.1,1.3727272727272728,0.046636363636363636,5.1454545454545455,5.2727272727272725,4.254545454545455,0.9454545454545454,0.20909090909090908,0.00909090909090909,0.0,0.0,0.0,0.0,0.0,0.5545454545454546,0.00909090909090909,0.0,2.2545454545454544,0.0,172,249,1,0,7,1,1,0
/home/gzhao/performance_bug_prediction/github_data_collection/projects/fastjson/src/main/java/com/alibaba/fastjson/JSONReader.java,9.88,0.04,6.56,0.64,0.002,2.6,5.0,3.04,0.0,0.0,0.0,0.0,0.0,0.0,0.0,0.0,0.0,1.0,0.0,0.28,0.0,0,0,0,0,0,0,0,0
/home/gzhao/performance_bug_prediction/github_data_collection/projects/fastjson/src/main/java/com/alibaba/fastjson/JSONStreamAware.java,1.0,3.0,1.0,0.0,3.0,0.0,1.0,0.0,0.0,0.0,0.0,0.0,0.0,0.0,0.0,0.0,0.0,1.0,0.0,0.0,0.0,0,0,0,0,0,0,0,0
/home/gzhao/performance_bug_prediction/github_data_collection/projects/fastjson/src/main/java/com/alibaba/fastjson/JSONValidator.java,18.38095238095238,0.047619047619047616,12.238095238095234,0.9523809523809524,0.0,4.9523809523809526,2.4761904761904763,2.2857142857142856,1.2857142857142858,0.09523809523809523,0.0,0.0,0.0,0.0,0.0,0.0,0.0,0.09523809523809523,0.0,0.14285714285714285,0.0,29,108,4,0,6,4,0,0
/home/gzhao/performance_bug_prediction/github_data_collection/projects/fastjson/src/main/java/com/alibaba/fastjson/JSONWriter.java,7.7894736842105265,0.0,5.052631578947368,0.3157894736842105,0.0,2.3157894736842106,3.3157894736842106,1.7894736842105263,0.0,0.0,0.0,0.0,0.0,0.0,0.0,0.0,0.0,2.473684210526316,0.0,0.3157894736842105,0.0,5,5,1,0,2,2,0,0
/home/gzhao/performance_bug_prediction/github_data_collection/projects/fastjson/src/main/java/com/alibaba/fastjson/PropertyNamingStrategy.java,28.5,0.0,19.5,2.0,0.0,7.5,6.0,3.5,2.0,0.0,0.0,0.0,0.0,0.0,0.0,0.0,0.0,0.0,0.0,1.0,0.0,0,0,0,0,0,0,0,0
/home/gzhao/performance_bug_prediction/github_data_collection/projects/fastjson/src/main/java/com/alibaba/fastjson/TypeReference.java,10.0,1.6666666666666667,7.666666666666668,1.0,0.3700000000000001,2.6666666666666665,5.333333333333333,3.333333333333333,1.0,0.0,0.0,0.0,0.0,0.0,0.0,0.0,1.0,0.0,0.0,1.0,0.0,2,2,0,0,1,0,0,0
/home/gzhao/performance_bug_prediction/github_data_collection/projects/fastjson/src/main/java/com/alibaba/fastjson/annotation/JSONField.java,1.0,2.142857142857143,1.0,0.0,2.142857142857143,0.0,4.0,1.0,0.0,0.0,0.0,0.0,0.0,0.0,0.0,0.0,0.0,0.0,0.0,0.0,0.0,0,0,0,0,0,0,0,0
/home/gzhao/performance_bug_prediction/github_data_collection/projects/fastjson/src/main/java/com/alibaba/fastjson/annotation/JSONPOJOBuilder.java,1.0,11.0,1.0,0.0,11.0,0.0,1.0,1.0,0.0,0.0,0.0,0.0,0.0,0.0,0.0,0.0,0.0,0.0,0.0,0.0,0.0,3,3,0,0,1,0,0,0
/home/gzhao/performance_bug_prediction/github_data_collection/projects/fastjson/src/main/java/com/alibaba/fastjson/annotation/JSONType.java,1.0,1.3888888888888888,1.0,0.0,1.3888888888888888,0.0,2.0,1.0,0.0,0.0,0.0,0.0,0.0,0.0,0.0,0.0,0.0,0.0,0.0,0.05555555555555555,0.0,0,0,0,0,0,0,0,0
/home/gzhao/performance_bug_prediction/github_data_collection/projects/fastjson/src/main/java/com/alibaba/fastjson/asm/ByteVector.java,11.625,8.25,9.5,1.0,0.73375,2.375,9.75,3.375,0.125,0.0,0.0,0.0,0.0,0.0,0.0,0.0,0.0,0.0,0.0,2.125,0.0,0,0,0,0,0,0,0,0
/home/gzhao/performance_bug_prediction/github_data_collection/projects/fastjson/src/main/java/com/alibaba/fastjson/asm/ClassReader.java,30.57142857142857,3.8571428571428568,27.857142857142854,1.8571428571428568,0.08428571428571427,6.428571428571429,5.0,3.571428571428572,0.8571428571428571,1.0,0.7142857142857143,0.0,0.0,0.0,0.0,0.0,0.0,1.0,0.0,0.0,0.0,2,1,0,0,1,0,0,0
/home/gzhao/performance_bug_prediction/github_data_collection/projects/fastjson/src/main/java/com/alibaba/fastjson/asm/ClassWriter.java,15.363636363636365,4.818181818181818,13.090909090909092,1.3636363636363635,0.3381818181818182,3.1818181818181817,10.0,8.0,0.0,0.2727272727272727,0.09090909090909093,0.0,0.0,0.0,0.0,0.0,0.0,1.181818181818182,0.0,0.9090909090909092,0.0,0,0,0,0,0,0,0,0
/home/gzhao/performance_bug_prediction/github_data_collection/projects/fastjson/src/main/java/com/alibaba/fastjson/asm/FieldWriter.java,3.6666666666666665,3.6666666666666665,2.6666666666666665,0.0,0.89,1.0,2.6666666666666665,0.6666666666666666,0.0,0.0,0.0,0.0,0.0,0.0,0.0,0.0,0.0,1.0,0.0,0.3333333333333333,0.0,0,0,0,0,0,0,0,0
/home/gzhao/performance_bug_prediction/github_data_collection/projects/fastjson/src/main/java/com/alibaba/fastjson/asm/Item.java,14.666666666666664,14.0,7.333333333333332,0.6666666666666666,1.0133333333333334,6.0,7.0,3.6666666666666665,0.0,0.0,0.0,0.0,0.0,0.0,0.0,0.0,0.0,0.0,0.0,2.6666666666666665,0.0,0,0,0,0,0,0,0,0
/home/gzhao/performance_bug_prediction/github_data_collection/projects/fastjson/src/main/java/com/alibaba/fastjson/asm/Label.java,16.333333333333332,12.666666666666664,11.666666666666664,1.6666666666666667,0.77,3.333333333333333,7.666666666666668,3.0,0.3333333333333333,0.0,0.0,0.0,0.0,0.0,0.0,0.0,0.3333333333333333,0.6666666666666666,0.0,1.3333333333333333,0.0,0,0,0,0,0,0,0,0
/home/gzhao/performance_bug_prediction/github_data_collection/projects/fastjson/src/main/java/com/alibaba/fastjson/asm/MethodCollector.java,6.5,0.0,4.5,1.0,0.0,2.5,4.5,3.5,0.0,0.0,0.0,0.0,0.0,0.0,0.0,0.0,0.0,0.0,0.0,0.0,0.0,0,0,0,0,0,0,0,0
/home/gzhao/performance_bug_prediction/github_data_collection/projects/fastjson/src/main/java/com/alibaba/fastjson/asm/MethodVisitor.java,1.0,6.333333333333332,1.0,0.0,6.333333333333332,0.0,20.5,0.0,0.0,0.0,0.0,0.0,0.0,0.0,0.0,0.0,0.0,0.0,0.0,0.0,0.0,0,0,0,0,0,0,0,0
/home/gzhao/performance_bug_prediction/github_data_collection/projects/fastjson/src/main/java/com/alibaba/fastjson/asm/MethodWriter.java,8.142857142857142,3.928571428571429,6.0,0.6428571428571429,0.6557142857142858,2.0714285714285716,5.071428571428571,2.142857142857143,0.0,0.07142857142857142,0.0,0.0,0.0,0.0,0.0,0.0,0.0,1.0,0.0,0.14285714285714285,0.0,0,0,0,0,0,0,0,0
/home/gzhao/performance_bug_prediction/github_data_collection/projects/fastjson/src/main/java/com/alibaba/fastjson/asm/Type.java,16.625,5.0,11.125,1.5,0.58375,6.0,6.375,2.375,0.75,0.375,0.25,0.0,0.0,0.0,0.0,0.0,0.0,0.0,0.0,0.25,0.0,0,0,0,0,0,0,0,0
/home/gzhao/performance_bug_prediction/github_data_collection/projects/fastjson/src/main/java/com/alibaba/fastjson/asm/TypeCollector.java,10.0,0.16666666666666666,7.0,1.0,0.01,3.1666666666666665,3.5,4.333333333333333,0.3333333333333333,0.0,0.0,0.0,0.0,0.0,0.0,0.0,0.0,0.0,0.0,0.0,0.0,0,0,0,0,0,0,0,0
/home/gzhao/performance_bug_prediction/github_data_collection/projects/fastjson/src/main/java/com/alibaba/fastjson/parser/DefaultJSONParser.java,16.12727272727273,0.4909090909090909,11.727272727272727,1.1272727272727272,0.03127272727272728,4.036363636363636,7.8181818181818175,4.927272727272729,1.1090909090909091,0.10909090909090907,0.07272727272727272,0.0,0.0,0.0,0.0,0.0,0.41818181818181815,0.0,0.0,2.163636363636364,0.0,24,33,1,1,6,1,2,0
/home/gzhao/performance_bug_prediction/github_data_collection/projects/fastjson/src/main/java/com/alibaba/fastjson/parser/Feature.java,4.8,0.0,3.4,0.4,0.0,1.6,4.6,1.0,0.0,0.0,0.0,0.0,0.0,0.0,0.0,0.0,0.0,0.0,0.0,0.0,0.0,2,7,1,0,1,1,0,0
/home/gzhao/performance_bug_prediction/github_data_collection/projects/fastjson/src/main/java/com/alibaba/fastjson/parser/JSONLexer.java,1.0,0.0,1.0,0.0,0.0,0.0,6.2653061224489806,0.7142857142857143,0.0,0.0,0.0,0.0,0.0,0.0,0.0,0.0,0.0,0.0,0.0,0.14285714285714285,0.0,0,0,0,0,0,0,0,0
/home/gzhao/performance_bug_prediction/github_data_collection/projects/fastjson/src/main/java/com/alibaba/fastjson/parser/JSONLexerBase.java,42.345794392523366,1.3457943925233644,32.0,1.7570093457943925,0.05420560747663551,9.355140186915886,7.6355140186915875,4.710280373831775,2.6074766355140198,0.6822429906542056,0.1588785046728972,0.0,0.0,0.0,0.0,0.0,0.16822429906542055,0.0,0.0,1.02803738317757,0.0,6,22,0,0,1,0,0,0
/home/gzhao/performance_bug_prediction/github_data_collection/projects/fastjson/src/main/java/com/alibaba/fastjson/parser/JSONReaderScanner.java,8.5,0.35714285714285715,6.285714285714287,1.0,0.032857142857142856,2.5,4.142857142857143,2.0,0.35714285714285715,0.0,0.0,0.0,0.0,0.0,0.0,0.0,0.0,1.0,0.0,1.0714285714285714,0.0,2,7,0,0,1,0,0,0
/home/gzhao/performance_bug_prediction/github_data_collection/projects/fastjson/src/main/java/com/alibaba/fastjson/parser/JSONScanner.java,55.446808510638284,1.893617021276596,41.61702127659574,2.297872340425532,0.03404255319148936,12.808510638297873,9.553191489361698,6.446808510638298,4.6382978723404245,0.9574468085106383,0.44680851063829785,0.0,0.0,0.0,0.0,0.0,0.2553191489361702,0.0,0.0,1.8723404255319152,0.0,3,8,0,0,1,0,0,0
/home/gzhao/performance_bug_prediction/github_data_collection/projects/fastjson/src/main/java/com/alibaba/fastjson/parser/JSONToken.java,58.0,0.0,29.0,1.0,0.0,27.0,39.0,1.0,0.0,0.0,0.0,0.0,0.0,0.0,0.0,0.0,0.0,0.0,0.0,0.0,0.0,0,0,0,0,0,0,0,0
/home/gzhao/performance_bug_prediction/github_data_collection/projects/fastjson/src/main/java/com/alibaba/fastjson/parser/ParseContext.java,14.0,0.0,8.0,3.0,0.0,4.0,5.0,2.0,0.0,0.0,0.0,0.0,0.0,0.0,0.0,0.0,0.0,0.0,0.0,0.0,0.0,0,0,0,0,0,0,0,0
/home/gzhao/performance_bug_prediction/github_data_collection/projects/fastjson/src/main/java/com/alibaba/fastjson/parser/ParserConfig.java,9.975609756097562,1.3170731707317074,7.268292682926829,0.7073170731707317,0.20634146341463416,2.1463414634146343,4.146341463414634,2.5853658536585367,0.12195121951219512,0.024390243902439025,0.0,0.0,0.0,0.0,0.0,0.0,0.12195121951219512,0.024390243902439025,0.0,1.3658536585365857,0.0,4,48,1,0,2,1,0,0
/home/gzhao/performance_bug_prediction/github_data_collection/projects/fastjson/src/main/java/com/alibaba/fastjson/parser/SymbolTable.java,11.333333333333336,2.5,8.333333333333334,1.1666666666666667,0.135,2.6666666666666665,5.666666666666668,3.5,0.16666666666666666,0.16666666666666666,0.0,0.0,0.0,0.0,0.0,0.0,0.0,0.0,0.0,2.333333333333333,0.0,0,0,0,0,0,0,0,0
/home/gzhao/performance_bug_prediction/github_data_collection/projects/fastjson/src/main/java/com/alibaba/fastjson/parser/deserializer/ASMDeserializerFactory.java,56.84615384615386,3.8461538461538463,50.153846153846146,1.0769230769230769,0.03461538461538462,5.5769230769230775,17.076923076923073,11.153846153846152,2.5,0.0,0.0,0.0,0.0,0.0,0.1153846153846154,0.0,0.7692307692307693,0.3076923076923077,0.0,3.0384615384615383,0.0,0,0,0,0,0,0,0,0
/home/gzhao/performance_bug_prediction/github_data_collection/projects/fastjson/src/main/java/com/alibaba/fastjson/parser/deserializer/AbstractDateDeserializer.java,2.0,0.0,1.5,0.0,0.0,0.5,2.0,1.5,0.0,0.0,0.0,0.0,0.0,0.0,0.0,0.0,0.0,0.0,0.0,0.0,0.0,0,0,0,0,0,0,0,0
/home/gzhao/performance_bug_prediction/github_data_collection/projects/fastjson/src/main/java/com/alibaba/fastjson/parser/deserializer/ArrayListTypeFieldDeserializer.java,44.0,0.0,34.333333333333336,2.6666666666666665,0.0,11.0,7.666666666666668,10.666666666666666,2.333333333333333,1.6666666666666667,0.3333333333333333,0.0,0.0,0.0,0.0,0.0,0.6666666666666666,0.0,0.0,5.666666666666668,0.0,2,5,0,0,1,0,0,0
/home/gzhao/performance_bug_prediction/github_data_collection/projects/fastjson/src/main/java/com/alibaba/fastjson/parser/deserializer/AutowiredObjectDeserializer.java,1.0,0.0,1.0,0.0,0.0,0.0,1.0,1.0,0.0,0.0,0.0,0.0,0.0,0.0,0.0,0.0,0.0,0.0,0.0,1.0,0.0,0,0,0,0,0,0,0,0
/home/gzhao/performance_bug_prediction/github_data_collection/projects/fastjson/src/main/java/com/alibaba/fastjson/parser/deserializer/ContextObjectDeserializer.java,2.0,0.0,1.5,0.0,0.0,0.5,2.5,1.5,0.0,0.0,0.0,0.0,0.0,0.0,0.0,0.0,0.0,0.0,0.0,0.0,0.0,0,0,0,0,0,0,0,0
/home/gzhao/performance_bug_prediction/github_data_collection/projects/fastjson/src/main/java/com/alibaba/fastjson/parser/deserializer/DefaultFieldDeserializer.java,4.5,0.0,3.0,0.5,0.0,1.5,1.5,1.5,0.0,0.0,0.0,0.0,0.0,0.0,0.0,0.0,0.0,0.0,0.0,0.5,0.0,2,3,1,0,1,1,0,0
/home/gzhao/performance_bug_prediction/github_data_collection/projects/fastjson/src/main/java/com/alibaba/fastjson/parser/deserializer/EnumCreatorDeserializer.java,3.0,0.0,2.0,0.0,0.0,1.0,0.0,1.0,0.0,0.0,0.0,0.0,0.0,0.0,0.0,0.0,0.0,0.0,0.0,0.0,0.0,0,0,0,0,0,0,0,0
/home/gzhao/performance_bug_prediction/github_data_collection/projects/fastjson/src/main/java/com/alibaba/fastjson/parser/deserializer/EnumDeserializer.java,5.333333333333333,0.0,3.6666666666666665,0.3333333333333333,0.0,1.6666666666666667,3.333333333333333,1.3333333333333333,0.0,0.0,0.0,0.0,0.0,0.0,0.0,0.0,0.0,0.0,0.0,1.0,0.0,0,0,0,0,0,0,0,0
/home/gzhao/performance_bug_prediction/github_data_collection/projects/fastjson/src/main/java/com/alibaba/fastjson/parser/deserializer/ExtraProcessable.java,1.0,0.0,1.0,0.0,0.0,0.0,1.0,0.0,0.0,0.0,0.0,0.0,0.0,0.0,0.0,0.0,0.0,0.0,0.0,0.0,0.0,0,0,0,0,0,0,0,0
/home/gzhao/performance_bug_prediction/github_data_collection/projects/fastjson/src/main/java/com/alibaba/fastjson/parser/deserializer/ExtraProcessor.java,1.0,0.0,1.0,0.0,0.0,0.0,1.0,0.0,0.0,0.0,0.0,0.0,0.0,0.0,0.0,0.0,0.0,0.0,0.0,0.0,0.0,0,0,0,0,0,0,0,0
/home/gzhao/performance_bug_prediction/github_data_collection/projects/fastjson/src/main/java/com/alibaba/fastjson/parser/deserializer/ExtraTypeProvider.java,1.0,0.0,1.0,0.0,0.0,0.0,1.0,1.0,0.0,0.0,0.0,0.0,0.0,0.0,0.0,0.0,0.0,0.0,0.0,0.0,0.0,0,0,0,0,0,0,0,0
/home/gzhao/performance_bug_prediction/github_data_collection/projects/fastjson/src/main/java/com/alibaba/fastjson/parser/deserializer/FieldDeserializer.java,3.8,0.3,2.5,0.2,0.043,1.1,3.0,2.1,0.0,0.0,0.0,0.0,0.0,0.0,0.0,0.0,0.0,0.0,0.0,1.5,0.0,28,71,1,0,2,1,0,0
/home/gzhao/performance_bug_prediction/github_data_collection/projects/fastjson/src/main/java/com/alibaba/fastjson/parser/deserializer/FieldTypeResolver.java,1.0,0.0,1.0,0.0,0.0,0.0,1.0,1.0,0.0,0.0,0.0,0.0,0.0,0.0,0.0,0.0,0.0,0.0,0.0,0.0,0.0,0,0,0,0,0,0,0,0
/home/gzhao/performance_bug_prediction/github_data_collection/projects/fastjson/src/main/java/com/alibaba/fastjson/parser/deserializer/JSONPDeserializer.java,20.0,0.0,16.0,1.0,0.0,4.0,3.0,6.0,1.0,0.0,0.0,0.0,0.0,0.0,0.0,0.0,0.0,0.0,0.0,0.0,0.0,0,0,0,0,0,0,0,0
/home/gzhao/performance_bug_prediction/github_data_collection/projects/fastjson/src/main/java/com/alibaba/fastjson/parser/deserializer/JavaBeanDeserializer.java,17.7,0.6,13.1,1.3,0.02,4.65,6.75,5.0,1.1,0.2,0.0,0.0,0.0,0.0,0.0,0.0,0.75,0.0,0.0,2.4,0.0,23,53,4,0,6,4,0,0
/home/gzhao/performance_bug_prediction/github_data_collection/projects/fastjson/src/main/java/com/alibaba/fastjson/parser/deserializer/JavaObjectDeserializer.java,13.5,0.0,8.5,1.0,0.0,2.5,2.5,5.5,0.0,0.0,0.0,0.0,0.0,0.0,0.0,0.0,0.0,0.0,0.0,5.0,0.0,0,0,0,0,0,0,0,0
/home/gzhao/performance_bug_prediction/github_data_collection/projects/fastjson/src/main/java/com/alibaba/fastjson/parser/deserializer/Jdk8DateCodec.java,55.77777777777778,2.333333333333333,40.77777777777778,3.5555555555555562,0.028888888888888888,15.0,9.222222222222221,12.111111111111107,0.5555555555555556,0.5555555555555556,0.0,0.0,0.0,0.0,0.0,0.0,0.0,1.6666666666666667,0.0,1.1111111111111112,0.0,6,5,0,0,2,0,0,0
/home/gzhao/performance_bug_prediction/github_data_collection/projects/fastjson/src/main/java/com/alibaba/fastjson/parser/deserializer/MapDeserializer.java,35.0,1.0,24.875,1.875,0.01125,7.0,8.625,12.125,3.625,0.25,0.25,0.0,0.0,0.0,0.0,0.0,2.0,0.0,0.0,7.625,0.0,12,29,1,0,2,1,0,0
/home/gzhao/performance_bug_prediction/github_data_collection/projects/fastjson/src/main/java/com/alibaba/fastjson/parser/deserializer/NumberDeserializer.java,3.0,0.0,2.0,0.0,0.0,1.0,1.0,1.0,0.0,0.0,0.0,0.0,0.0,0.0,0.0,0.0,0.0,0.0,0.0,0.0,0.0,4,7,0,0,1,0,0,0
/home/gzhao/performance_bug_prediction/github_data_collection/projects/fastjson/src/main/java/com/alibaba/fastjson/parser/deserializer/ObjectDeserializer.java,1.0,6.0,1.0,0.0,6.0,0.0,9.5,1.0,0.0,0.0,0.0,0.0,0.0,0.0,0.0,0.0,0.0,0.0,0.0,0.0,0.0,0,0,0,0,0,0,0,0
/home/gzhao/performance_bug_prediction/github_data_collection/projects/fastjson/src/main/java/com/alibaba/fastjson/parser/deserializer/OptionalCodec.java,27.33333333333333,0.0,19.0,1.3333333333333333,0.0,6.333333333333332,2.333333333333333,7.333333333333332,0.0,0.0,0.0,0.0,0.0,0.0,0.0,0.0,0.0,3.0,0.0,0.0,0.0,0,0,0,0,0,0,0,0
/home/gzhao/performance_bug_prediction/github_data_collection/projects/fastjson/src/main/java/com/alibaba/fastjson/parser/deserializer/PropertyProcessable.java,1.0,5.0,1.0,0.0,5.0,0.0,1.0,0.5,0.0,0.0,0.0,0.0,0.0,0.0,0.0,0.0,0.0,0.0,0.0,0.0,0.0,0,0,0,0,0,0,0,0
/home/gzhao/performance_bug_prediction/github_data_collection/projects/fastjson/src/main/java/com/alibaba/fastjson/parser/deserializer/PropertyProcessableDeserializer.java,3.0,0.0,2.0,0.0,0.0,1.0,1.0,1.0,0.0,0.0,0.0,0.0,0.0,0.0,0.0,0.0,0.0,0.0,0.0,0.0,0.0,0,0,0,0,0,0,0,0
/home/gzhao/performance_bug_prediction/github_data_collection/projects/fastjson/src/main/java/com/alibaba/fastjson/parser/deserializer/ResolveFieldDeserializer.java,14.5,0.0,10.0,2.0,0.0,4.0,3.5,4.0,0.0,0.0,0.0,0.0,0.0,0.0,0.0,0.0,0.0,0.0,0.0,9.5,0.0,0,0,0,0,0,0,0,0
/home/gzhao/performance_bug_prediction/github_data_collection/projects/fastjson/src/main/java/com/alibaba/fastjson/parser/deserializer/SqlDateDeserializer.java,3.0,0.0,2.0,0.0,0.0,1.0,1.0,1.0,0.0,0.0,0.0,0.0,0.0,0.0,0.0,0.0,0.0,0.0,0.0,0.0,0.0,0,0,0,0,0,0,0,0
/home/gzhao/performance_bug_prediction/github_data_collection/projects/fastjson/src/main/java/com/alibaba/fastjson/parser/deserializer/StackTraceElementDeserializer.java,60.0,0.5,44.0,2.0,0.005,19.5,6.5,7.0,17.0,0.0,0.0,0.0,0.0,0.0,0.0,0.0,0.0,0.5,0.0,0.0,0.0,0,0,0,0,0,0,0,0
/home/gzhao/performance_bug_prediction/github_data_collection/projects/fastjson/src/main/java/com/alibaba/fastjson/parser/deserializer/ThrowableDeserializer.java,16.5,0.0,12.5,1.0,0.0,4.5,3.5,2.5,1.5,0.0,0.0,0.0,0.0,0.0,0.0,0.0,0.0,0.0,0.0,0.0,0.0,0,0,0,0,0,0,0,0
/home/gzhao/performance_bug_prediction/github_data_collection/projects/fastjson/src/main/java/com/alibaba/fastjson/parser/deserializer/TimeDeserializer.java,30.5,0.0,24.5,2.0,0.0,8.0,3.5,9.5,0.5,0.5,0.0,0.0,0.0,0.0,0.0,0.0,0.0,0.0,0.0,0.0,0.0,0,0,0,0,0,0,0,0
/home/gzhao/performance_bug_prediction/github_data_collection/projects/fastjson/src/main/java/com/alibaba/fastjson/serializer/ASMSerializerFactory.java,53.225806451612904,4.645161290322581,44.38709677419354,1.1290322580645162,0.050322580645161305,6.516129032258066,19.870967741935484,11.129032258064516,1.5483870967741935,0.06451612903225806,0.0,0.0,0.0,0.0,0.12903225806451613,0.0,0.1935483870967742,1.2580645161290325,0.0,0.8387096774193549,0.0,0,0,0,0,0,0,0,0
/home/gzhao/performance_bug_prediction/github_data_collection/projects/fastjson/src/main/java/com/alibaba/fastjson/serializer/AdderSerializer.java,10.0,0.0,8.0,1.0,0.0,3.0,3.0,4.0,0.0,0.0,0.0,0.0,0.0,0.0,0.0,0.0,0.0,6.0,0.0,0.0,0.0,0,0,0,0,0,0,0,0
/home/gzhao/performance_bug_prediction/github_data_collection/projects/fastjson/src/main/java/com/alibaba/fastjson/serializer/AfterFilter.java,7.0,0.0,5.666666666666668,0.3333333333333333,0.0,1.3333333333333333,4.333333333333333,3.0,0.0,0.0,0.0,0.0,0.0,0.0,0.0,0.0,0.0,1.6666666666666667,0.0,1.3333333333333333,0.0,5,6,1,0,2,1,0,0
/home/gzhao/performance_bug_prediction/github_data_collection/projects/fastjson/src/main/java/com/alibaba/fastjson/serializer/AppendableSerializer.java,8.0,0.0,6.0,1.0,0.0,2.0,4.0,3.0,0.0,0.0,0.0,0.0,0.0,0.0,0.0,0.0,0.0,4.0,0.0,0.0,0.0,0,0,0,0,0,0,0,0
/home/gzhao/performance_bug_prediction/github_data_collection/projects/fastjson/src/main/java/com/alibaba/fastjson/serializer/ArraySerializer.java,36.0,0.0,27.0,4.0,0.0,7.0,10.0,10.0,4.0,0.0,0.0,0.0,0.0,0.0,4.0,0.0,0.0,7.0,0.0,3.0,0.0,0,0,0,0,0,0,0,0
/home/gzhao/performance_bug_prediction/github_data_collection/projects/fastjson/src/main/java/com/alibaba/fastjson/serializer/AtomicCodec.java,23.33333333333333,0.0,20.666666666666668,1.6666666666666667,0.0,5.666666666666668,3.6666666666666665,5.666666666666668,0.6666666666666666,0.6666666666666666,0.0,0.0,0.0,0.0,1.3333333333333333,0.0,3.333333333333333,4.333333333333333,0.0,9.666666666666666,0.0,0,0,0,0,0,0,0,0
/home/gzhao/performance_bug_prediction/github_data_collection/projects/fastjson/src/main/java/com/alibaba/fastjson/serializer/AutowiredObjectSerializer.java,1.0,0.0,1.0,0.0,0.0,0.0,1.0,1.0,0.0,0.0,0.0,0.0,0.0,0.0,0.0,0.0,0.0,0.0,0.0,1.0,0.0,0,0,0,0,0,0,0,0
/home/gzhao/performance_bug_prediction/github_data_collection/projects/fastjson/src/main/java/com/alibaba/fastjson/serializer/AwtCodec.java,27.2,0.4,20.6,1.4,0.057,6.2,6.5,8.6,3.5,0.0,0.0,0.0,0.0,0.0,0.0,0.0,0.0,2.6,0.0,0.4,0.0,0,0,0,0,0,0,0,0
/home/gzhao/performance_bug_prediction/github_data_collection/projects/fastjson/src/main/java/com/alibaba/fastjson/serializer/BeanContext.java,3.0,0.0,2.0,0.0,0.0,1.0,2.363636363636364,1.0909090909090908,0.0,0.0,0.0,0.0,0.0,0.0,0.0,0.0,0.0,0.0,0.0,0.0,0.0,0,0,0,0,0,0,0,0
/home/gzhao/performance_bug_prediction/github_data_collection/projects/fastjson/src/main/java/com/alibaba/fastjson/serializer/BeforeFilter.java,7.0,0.0,5.666666666666668,0.3333333333333333,0.0,1.3333333333333333,4.333333333333333,3.0,0.0,0.0,0.0,0.0,0.0,0.0,0.0,0.0,0.0,1.6666666666666667,0.0,1.3333333333333333,0.0,2,9,1,0,1,1,0,0
/home/gzhao/performance_bug_prediction/github_data_collection/projects/fastjson/src/main/java/com/alibaba/fastjson/serializer/BigDecimalCodec.java,16.666666666666668,0.6666666666666666,10.333333333333334,1.3333333333333333,0.04,3.6666666666666665,6.666666666666668,6.0,0.0,0.0,0.0,0.0,0.0,0.0,0.0,0.0,0.0,2.0,0.0,0.0,0.0,0,0,0,0,0,0,0,0
/home/gzhao/performance_bug_prediction/github_data_collection/projects/fastjson/src/main/java/com/alibaba/fastjson/serializer/BigIntegerCodec.java,10.75,0.5,6.25,0.75,0.0325,2.25,4.0,4.5,0.0,0.0,0.0,0.0,0.0,0.0,0.0,0.0,0.0,1.25,0.0,0.0,0.0,0,0,0,0,0,0,0,0
/home/gzhao/performance_bug_prediction/github_data_collection/projects/fastjson/src/main/java/com/alibaba/fastjson/serializer/BooleanCodec.java,8.0,0.0,5.5,0.5,0.0,2.0,2.5,2.0,0.0,0.0,0.0,0.0,0.0,0.0,0.0,0.0,0.0,2.5,0.0,0.0,0.0,0,0,0,0,0,0,0,0
/home/gzhao/performance_bug_prediction/github_data_collection/projects/fastjson/src/main/java/com/alibaba/fastjson/serializer/ByteBufferCodec.java,6.0,0.0,5.0,0.0,0.0,1.0,2.5,3.75,0.0,0.0,0.0,0.0,0.0,0.0,0.0,0.0,0.0,2.0,0.0,0.75,0.0,0,0,0,0,0,0,0,0
/home/gzhao/performance_bug_prediction/github_data_collection/projects/fastjson/src/main/java/com/alibaba/fastjson/serializer/CalendarCodec.java,24.4,0.8,19.4,1.0,0.01,4.2,6.4,7.0,0.0,0.0,0.0,0.0,0.0,0.0,0.0,0.0,0.0,4.2,0.0,1.4,0.0,0,0,0,0,0,0,0,0
/home/gzhao/performance_bug_prediction/github_data_collection/projects/fastjson/src/main/java/com/alibaba/fastjson/serializer/CharArrayCodec.java,16.0,0.6666666666666666,12.0,1.3333333333333333,0.016666666666666666,4.333333333333333,2.6666666666666665,5.333333333333333,0.6666666666666666,0.6666666666666666,0.0,0.0,0.0,0.0,0.0,0.0,0.0,0.0,0.0,4.0,0.0,0,0,0,0,0,0,0,0
/home/gzhao/performance_bug_prediction/github_data_collection/projects/fastjson/src/main/java/com/alibaba/fastjson/serializer/CharacterCodec.java,7.666666666666668,0.6666666666666666,5.0,0.3333333333333333,0.11,2.0,1.6666666666666667,2.6666666666666665,0.0,0.0,0.0,0.0,0.0,0.0,0.0,0.0,0.0,1.6666666666666667,0.0,0.0,0.0,0,0,0,0,0,0,0,0
/home/gzhao/performance_bug_prediction/github_data_collection/projects/fastjson/src/main/java/com/alibaba/fastjson/serializer/CollectionCodec.java,25.66666666666667,0.0,18.666666666666668,1.6666666666666667,0.0,5.666666666666668,6.0,9.333333333333334,2.0,0.0,0.0,0.0,0.0,0.0,2.333333333333333,0.0,0.0,3.333333333333333,0.0,7.0,0.0,0,0,0,0,0,0,0,0
/home/gzhao/performance_bug_prediction/github_data_collection/projects/fastjson/src/main/java/com/alibaba/fastjson/serializer/ContextObjectSerializer.java,3.0,2.0,1.0,0.0,0.67,0.0,1.0,0.0,0.0,0.0,0.0,0.0,0.0,0.0,0.0,0.0,0.0,1.0,0.0,0.0,0.0,0,0,0,0,0,0,0,0
/home/gzhao/performance_bug_prediction/github_data_collection/projects/fastjson/src/main/java/com/alibaba/fastjson/serializer/ContextValueFilter.java,1.0,0.0,1.0,0.0,0.0,0.0,1.0,1.0,0.0,0.0,0.0,0.0,0.0,0.0,0.0,0.0,0.0,0.0,0.0,0.0,0.0,0,0,0,0,0,0,0,0
/home/gzhao/performance_bug_prediction/github_data_collection/projects/fastjson/src/main/java/com/alibaba/fastjson/serializer/DateCodec.java,89.0,2.5,72.5,2.0,0.015,16.0,11.5,18.0,0.5,0.5,0.0,0.0,0.0,0.0,0.0,0.0,0.0,18.0,0.0,5.0,0.0,8,18,2,0,3,2,0,0
/home/gzhao/performance_bug_prediction/github_data_collection/projects/fastjson/src/main/java/com/alibaba/fastjson/serializer/DoubleSerializer.java,19.0,1.0,12.0,2.0,0.05,4.0,5.0,8.0,0.0,0.0,0.0,0.0,0.0,0.0,0.0,0.0,0.0,6.0,0.0,0.0,0.0,0,0,0,0,0,0,0,0
/home/gzhao/performance_bug_prediction/github_data_collection/projects/fastjson/src/main/java/com/alibaba/fastjson/serializer/EnumerationSerializer.java,36.0,0.0,27.0,3.0,0.0,7.0,8.0,12.0,2.0,0.0,0.0,0.0,0.0,0.0,3.0,0.0,0.0,6.0,0.0,1.0,0.0,0,0,0,0,0,0,0,0
/home/gzhao/performance_bug_prediction/github_data_collection/projects/fastjson/src/main/java/com/alibaba/fastjson/serializer/FieldSerializer.java,34.0,0.0,24.2,2.0,0.0,9.2,12.6,7.4,0.0,0.0,0.0,0.0,0.0,0.0,0.0,0.0,0.0,5.2,0.0,1.6,0.0,0,0,0,0,0,0,0,0
/home/gzhao/performance_bug_prediction/github_data_collection/projects/fastjson/src/main/java/com/alibaba/fastjson/serializer/FloatCodec.java,11.666666666666664,0.0,8.666666666666666,0.6666666666666666,0.0,2.6666666666666665,4.0,5.0,0.0,0.0,0.0,0.0,0.0,0.0,0.0,0.0,0.0,1.6666666666666667,0.0,0.0,0.0,0,0,0,0,0,0,0,0
/home/gzhao/performance_bug_prediction/github_data_collection/projects/fastjson/src/main/java/com/alibaba/fastjson/serializer/GuavaCodec.java,10.0,0.0,7.333333333333332,1.3333333333333333,0.0,2.6666666666666665,2.0,4.0,0.3333333333333333,0.3333333333333333,0.0,0.0,0.0,0.0,0.0,0.0,2.0,1.0,0.0,5.333333333333333,0.0,0,0,0,0,0,0,0,0
/home/gzhao/performance_bug_prediction/github_data_collection/projects/fastjson/src/main/java/com/alibaba/fastjson/serializer/IntegerCodec.java,12.0,0.0,8.5,1.0,0.0,3.5,3.0,4.5,0.0,0.0,0.0,0.0,0.0,0.0,0.0,0.0,0.0,3.5,0.0,0.0,0.0,0,0,0,0,0,0,0,0
/home/gzhao/performance_bug_prediction/github_data_collection/projects/fastjson/src/main/java/com/alibaba/fastjson/serializer/JSONAwareSerializer.java,9.0,0.0,7.0,1.0,0.0,2.0,3.0,3.0,0.0,0.0,0.0,0.0,0.0,0.0,0.0,0.0,0.0,4.0,0.0,0.0,0.0,0,0,0,0,0,0,0,0
/home/gzhao/performance_bug_prediction/github_data_collection/projects/fastjson/src/main/java/com/alibaba/fastjson/serializer/JSONLibDataFormatSerializer.java,18.0,0.0,16.0,1.0,0.0,2.0,3.0,13.0,0.0,0.0,0.0,0.0,0.0,0.0,0.0,0.0,0.0,3.0,0.0,1.0,0.0,0,0,0,0,0,0,0,0
/home/gzhao/performance_bug_prediction/github_data_collection/projects/fastjson/src/main/java/com/alibaba/fastjson/serializer/JSONSerializable.java,5.0,12.0,1.0,0.0,2.4,0.0,1.0,0.0,0.0,0.0,0.0,0.0,0.0,0.0,0.0,0.0,0.0,1.0,0.0,0.0,0.0,0,0,0,0,0,0,0,0
/home/gzhao/performance_bug_prediction/github_data_collection/projects/fastjson/src/main/java/com/alibaba/fastjson/serializer/JSONSerializableSerializer.java,8.0,0.0,6.0,1.0,0.0,2.0,5.0,2.0,0.0,0.0,0.0,0.0,0.0,0.0,0.0,0.0,0.0,3.0,0.0,0.0,0.0,0,0,0,0,0,0,0,0
/home/gzhao/performance_bug_prediction/github_data_collection/projects/fastjson/src/main/java/com/alibaba/fastjson/serializer/JSONSerializer.java,5.285714285714286,0.3428571428571429,3.5142857142857142,0.3428571428571429,0.08457142857142858,1.542857142857143,4.542857142857144,1.6857142857142855,0.028571428571428567,0.0,0.0,0.0,0.0,0.0,0.028571428571428567,0.0,0.0,0.7714285714285715,0.0,0.3714285714285713,0.0,9,41,1,0,1,1,0,0
/home/gzhao/performance_bug_prediction/github_data_collection/projects/fastjson/src/main/java/com/alibaba/fastjson/serializer/JSONSerializerMap.java,3.0,0.0,2.0,0.0,0.0,1.0,2.0,2.0,0.0,0.0,0.0,0.0,0.0,0.0,0.0,0.0,0.0,0.0,0.0,1.0,0.0,0,0,0,0,0,0,0,0
/home/gzhao/performance_bug_prediction/github_data_collection/projects/fastjson/src/main/java/com/alibaba/fastjson/serializer/JavaBeanSerializer.java,12.0,1.6521739130434785,8.478260869565217,1.173913043478261,0.22782608695652176,3.130434782608696,5.739130434782608,2.652173913043478,0.6521739130434783,0.43478260869565216,0.08695652173913042,0.0,0.0,0.0,0.17391304347826084,0.0,0.39130434782608703,1.0434782608695652,0.0,1.565217391304348,0.0,0,0,0,0,0,0,0,0
/home/gzhao/performance_bug_prediction/github_data_collection/projects/fastjson/src/main/java/com/alibaba/fastjson/serializer/JodaCodec.java,44.66666666666666,2.5555555555555562,32.666666666666664,3.2222222222222223,0.03555555555555556,12.333333333333336,9.111111111111107,8.222222222222221,0.3333333333333333,0.3333333333333333,0.0,0.0,0.0,0.0,0.0,0.0,0.0,1.3333333333333333,0.0,0.1111111111111111,0.0,6,24,2,0,2,2,0,0
/home/gzhao/performance_bug_prediction/github_data_collection/projects/fastjson/src/main/java/com/alibaba/fastjson/serializer/LabelFilter.java,1.0,0.0,1.0,0.0,0.0,0.0,1.0,1.0,0.0,0.0,0.0,0.0,0.0,0.0,0.0,0.0,0.0,0.0,0.0,0.0,0.0,0,0,0,0,0,0,0,0
/home/gzhao/performance_bug_prediction/github_data_collection/projects/fastjson/src/main/java/com/alibaba/fastjson/serializer/Labels.java,4.333333333333333,0.3333333333333333,2.6666666666666665,0.3333333333333333,0.04666666666666667,1.3333333333333333,1.6666666666666667,2.0,0.0,0.0,0.0,0.0,0.0,0.0,0.0,0.0,0.0,0.0,0.0,0.6666666666666666,0.0,0,0,0,0,0,0,0,0
/home/gzhao/performance_bug_prediction/github_data_collection/projects/fastjson/src/main/java/com/alibaba/fastjson/serializer/ListSerializer.java,101.0,0.0,72.0,7.0,0.0,19.0,13.0,26.0,12.0,1.0,0.0,0.0,0.0,0.0,14.0,0.0,2.0,18.0,0.0,9.0,0.0,0,0,0,0,0,0,0,0
/home/gzhao/performance_bug_prediction/github_data_collection/projects/fastjson/src/main/java/com/alibaba/fastjson/serializer/LongCodec.java,9.0,1.0,5.0,1.0,0.065,2.0,4.0,3.0,0.0,0.0,0.0,0.0,0.0,0.0,0.0,0.0,0.0,2.5,0.0,0.0,0.0,0,0,0,0,0,0,0,0
/home/gzhao/performance_bug_prediction/github_data_collection/projects/fastjson/src/main/java/com/alibaba/fastjson/serializer/MapSerializer.java,7.0,0.0,2.0,0.0,0.0,1.0,6.0,1.0,0.0,0.0,0.0,0.0,0.0,0.0,0.0,0.0,0.0,2.0,0.0,1.0,0.0,0,0,0,0,0,0,0,0
/home/gzhao/performance_bug_prediction/github_data_collection/projects/fastjson/src/main/java/com/alibaba/fastjson/serializer/MiscCodec.java,36.333333333333336,0.0,31.0,1.6666666666666667,0.0,8.0,4.0,10.666666666666666,0.3333333333333333,0.0,0.0,0.0,0.0,0.0,0.6666666666666666,0.0,0.0,12.333333333333336,0.0,4.0,0.0,0,0,0,0,0,0,0,0
/home/gzhao/performance_bug_prediction/github_data_collection/projects/fastjson/src/main/java/com/alibaba/fastjson/serializer/NameFilter.java,1.0,0.0,1.0,0.0,0.0,0.0,1.0,1.0,0.0,0.0,0.0,0.0,0.0,0.0,0.0,0.0,0.0,0.0,0.0,0.0,0.0,0,0,0,0,0,0,0,0
/home/gzhao/performance_bug_prediction/github_data_collection/projects/fastjson/src/main/java/com/alibaba/fastjson/serializer/ObjectArrayCodec.java,43.5,0.25,33.75,4.0,0.005,8.75,6.0,12.0,3.0,0.75,0.25,0.0,0.0,0.0,2.0,0.0,5.25,3.75,0.0,10.75,0.0,0,0,0,0,0,0,0,0
/home/gzhao/performance_bug_prediction/github_data_collection/projects/fastjson/src/main/java/com/alibaba/fastjson/serializer/ObjectSerializer.java,5.0,14.0,1.0,0.0,2.8,0.0,10.0,0.0,0.0,0.0,0.0,0.0,0.0,0.0,0.0,0.0,0.0,1.0,0.0,0.0,0.0,0,0,0,0,0,0,0,0
/home/gzhao/performance_bug_prediction/github_data_collection/projects/fastjson/src/main/java/com/alibaba/fastjson/serializer/PascalNameFilter.java,9.0,0.0,7.0,1.0,0.0,2.0,1.0,4.0,0.0,0.0,0.0,0.0,0.0,0.0,0.0,0.0,0.0,0.0,0.0,1.0,0.0,0,0,0,0,0,0,0,0
/home/gzhao/performance_bug_prediction/github_data_collection/projects/fastjson/src/main/java/com/alibaba/fastjson/serializer/PrimitiveArraySerializer.java,96.0,0.0,83.0,3.0,0.0,23.0,5.0,11.0,8.0,6.0,0.0,0.0,0.0,0.0,12.0,0.0,0.0,29.0,0.0,9.0,0.0,0,0,0,0,0,0,0,0
/home/gzhao/performance_bug_prediction/github_data_collection/projects/fastjson/src/main/java/com/alibaba/fastjson/serializer/PropertyFilter.java,1.0,6.0,1.0,0.0,6.0,0.0,1.0,1.0,0.0,0.0,0.0,0.0,0.0,0.0,0.0,0.0,0.0,0.0,0.0,0.0,0.0,0,0,0,0,0,0,0,0
/home/gzhao/performance_bug_prediction/github_data_collection/projects/fastjson/src/main/java/com/alibaba/fastjson/serializer/PropertyPreFilter.java,1.0,0.0,1.0,0.0,0.0,0.0,1.0,1.0,0.0,0.0,0.0,0.0,0.0,0.0,0.0,0.0,0.0,0.0,0.0,0.0,0.0,0,0,0,0,0,0,0,0
/home/gzhao/performance_bug_prediction/github_data_collection/projects/fastjson/src/main/java/com/alibaba/fastjson/serializer/ReferenceCodec.java,9.666666666666666,0.0,7.0,0.6666666666666666,0.0,2.333333333333333,2.0,2.6666666666666665,0.0,0.0,0.0,0.0,0.0,0.0,0.0,0.0,0.0,0.6666666666666666,0.0,0.0,0.0,0,0,0,0,0,0,0,0
/home/gzhao/performance_bug_prediction/github_data_collection/projects/fastjson/src/main/java/com/alibaba/fastjson/serializer/SerialContext.java,11.666666666666664,2.0,9.166666666666666,1.0,0.6666666666666666,2.833333333333333,1.5,2.1666666666666665,0.6666666666666666,0.3333333333333333,0.0,0.0,0.0,0.0,0.0,0.0,0.0,0.0,0.0,0.0,0.0,0,0,0,0,0,0,0,0
/home/gzhao/performance_bug_prediction/github_data_collection/projects/fastjson/src/main/java/com/alibaba/fastjson/serializer/SerializeConfig.java,10.65,1.15,8.45,0.85,0.2295,2.35,5.25,2.6,0.35,0.0,0.0,0.0,0.0,0.0,0.05,0.0,0.0,0.3,0.0,0.7,0.0,22,78,0,0,2,0,0,0
/home/gzhao/performance_bug_prediction/github_data_collection/projects/fastjson/src/main/java/com/alibaba/fastjson/serializer/SerializeFilterable.java,13.2,1.4,8.466666666666667,1.3333333333333333,0.15266666666666667,4.066666666666666,4.533333333333333,3.466666666666667,0.26666666666666666,0.6666666666666666,0.0,0.0,0.0,0.0,0.0,0.0,0.0,0.06666666666666668,0.0,0.6,0.0,0,0,0,0,0,0,0,0
/home/gzhao/performance_bug_prediction/github_data_collection/projects/fastjson/src/main/java/com/alibaba/fastjson/serializer/SerializeWriter.java,29.35820895522388,2.417910447761194,22.417910447761198,1.4477611940298507,0.1082089552238806,5.567164179104478,9.746268656716419,4.611940298507463,1.2388059701492538,0.31343283582089554,0.02985074626865672,0.0,0.0,0.0,1.1044776119402986,0.0,0.29850746268656714,4.432835820895522,0.0,1.1343283582089552,0.0,0,0,0,0,0,0,0,0
/home/gzhao/performance_bug_prediction/github_data_collection/projects/fastjson/src/main/java/com/alibaba/fastjson/serializer/SerializerFeature.java,4.666666666666667,0.0,3.333333333333333,0.3333333333333333,0.0,1.5,6.833333333333332,1.0,0.0,0.0,0.0,0.0,0.0,0.0,0.0,0.0,0.0,0.0,0.0,0.0,0.0,0,0,0,0,0,0,0,0
/home/gzhao/performance_bug_prediction/github_data_collection/projects/fastjson/src/main/java/com/alibaba/fastjson/serializer/SimpleDateFormatSerializer.java,11.0,0.0,9.0,1.0,0.0,2.0,6.0,4.0,0.0,0.0,0.0,0.0,0.0,0.0,0.0,0.0,0.0,3.0,0.0,1.0,0.0,0,0,0,0,0,0,0,0
/home/gzhao/performance_bug_prediction/github_data_collection/projects/fastjson/src/main/java/com/alibaba/fastjson/serializer/SimplePropertyPreFilter.java,6.833333333333332,1.0,4.666666666666667,0.5,0.3333333333333333,2.1666666666666665,2.6666666666666665,1.5,0.16666666666666666,0.16666666666666666,0.0,0.0,0.0,0.0,0.0,0.0,0.0,0.0,0.0,0.5,0.0,0,0,0,0,0,0,0,0
/home/gzhao/performance_bug_prediction/github_data_collection/projects/fastjson/src/main/java/com/alibaba/fastjson/serializer/StringCodec.java,12.4,0.0,9.2,0.8,0.0,3.0,4.0,3.8,0.0,0.0,0.0,0.0,0.0,0.0,0.0,0.0,0.0,1.2,0.0,0.0,0.0,0,0,0,0,0,0,0,0
/home/gzhao/performance_bug_prediction/github_data_collection/projects/fastjson/src/main/java/com/alibaba/fastjson/serializer/ToStringSerializer.java,10.0,0.0,7.0,1.0,0.0,2.0,3.0,3.0,0.0,0.0,0.0,0.0,0.0,0.0,0.0,0.0,0.0,4.0,0.0,0.0,0.0,0,0,0,0,0,0,0,0
/home/gzhao/performance_bug_prediction/github_data_collection/projects/fastjson/src/main/java/com/alibaba/fastjson/serializer/ValueFilter.java,1.0,0.0,1.0,0.0,0.0,0.0,1.0,1.0,0.0,0.0,0.0,0.0,0.0,0.0,0.0,0.0,0.0,0.0,0.0,0.0,0.0,0,0,0,0,0,0,0,0
/home/gzhao/performance_bug_prediction/github_data_collection/projects/fastjson/src/main/java/com/alibaba/fastjson/spi/Module.java,1.0,0.0,1.0,0.0,0.0,0.0,1.0,1.0,0.0,0.0,0.0,0.0,0.0,0.0,0.0,0.0,0.0,0.0,0.0,0.0,0.0,0,0,0,0,0,0,0,0
/home/gzhao/performance_bug_prediction/github_data_collection/projects/fastjson/src/main/java/com/alibaba/fastjson/support/config/FastJsonConfig.java,3.25,3.4,2.25,0.05,1.1030000000000002,1.1,5.5,1.2,0.0,0.0,0.0,0.0,0.0,0.0,0.0,0.0,0.05,0.15,0.0,0.85,0.0,0,0,0,0,0,0,0,0
/home/gzhao/performance_bug_prediction/github_data_collection/projects/fastjson/src/main/java/com/alibaba/fastjson/support/geo/Feature.java,3.0,0.0,2.0,0.0,0.0,1.0,1.0,1.0,0.0,0.0,0.0,0.0,0.0,0.0,0.0,0.0,0.0,0.0,0.0,0.8333333333333334,0.0,0,0,0,0,0,0,0,0
/home/gzhao/performance_bug_prediction/github_data_collection/projects/fastjson/src/main/java/com/alibaba/fastjson/support/geo/FeatureCollection.java,3.0,0.0,2.0,0.0,0.0,1.0,1.0,1.0,0.0,0.0,0.0,0.0,0.0,0.0,0.0,0.0,0.0,0.0,0.0,2.0,0.0,0,0,0,0,0,0,0,0
/home/gzhao/performance_bug_prediction/github_data_collection/projects/fastjson/src/main/java/com/alibaba/fastjson/support/geo/Geometry.java,3.0,0.0,2.0,0.0,0.0,1.0,1.0,1.0,0.0,0.0,0.0,0.0,0.0,0.0,0.0,0.0,0.0,0.0,0.0,0.3333333333333333,0.0,0,0,0,0,0,0,0,0
/home/gzhao/performance_bug_prediction/github_data_collection/projects/fastjson/src/main/java/com/alibaba/fastjson/support/geo/GeometryCollection.java,3.0,0.0,2.0,0.0,0.0,1.0,1.0,1.0,0.0,0.0,0.0,0.0,0.0,0.0,0.0,0.0,0.0,0.0,0.0,2.0,0.0,0,0,0,0,0,0,0,0
/home/gzhao/performance_bug_prediction/github_data_collection/projects/fastjson/src/main/java/com/alibaba/fastjson/support/geo/LineString.java,3.0,0.0,2.0,0.0,0.0,1.0,1.0,1.0,0.0,0.0,0.0,0.0,0.0,0.0,0.0,0.0,0.0,0.0,0.0,0.5,0.0,0,0,0,0,0,0,0,0
/home/gzhao/performance_bug_prediction/github_data_collection/projects/fastjson/src/main/java/com/alibaba/fastjson/support/geo/MultiLineString.java,3.0,0.0,2.0,0.0,0.0,1.0,1.0,1.0,0.0,0.0,0.0,0.0,0.0,0.0,0.0,0.0,0.0,0.0,0.0,0.5,0.0,0,0,0,0,0,0,0,0
/home/gzhao/performance_bug_prediction/github_data_collection/projects/fastjson/src/main/java/com/alibaba/fastjson/support/geo/MultiPoint.java,3.0,0.0,2.0,0.0,0.0,1.0,1.0,1.0,0.0,0.0,0.0,0.0,0.0,0.0,0.0,0.0,0.0,0.0,0.0,0.5,0.0,0,0,0,0,0,0,0,0
/home/gzhao/performance_bug_prediction/github_data_collection/projects/fastjson/src/main/java/com/alibaba/fastjson/support/geo/MultiPolygon.java,3.0,0.0,2.0,0.0,0.0,1.0,1.0,1.0,0.0,0.0,0.0,0.0,0.0,0.0,0.0,0.0,0.0,0.0,0.0,0.5,0.0,0,0,0,0,0,0,0,0
/home/gzhao/performance_bug_prediction/github_data_collection/projects/fastjson/src/main/java/com/alibaba/fastjson/support/geo/Point.java,4.666666666666667,0.0,3.333333333333333,0.16666666666666666,0.0,1.3333333333333333,1.3333333333333333,1.1666666666666667,0.0,0.0,0.0,0.0,0.0,0.0,0.0,0.0,0.0,0.0,0.0,0.5,0.0,0,0,0,0,0,0,0,0
/home/gzhao/performance_bug_prediction/github_data_collection/projects/fastjson/src/main/java/com/alibaba/fastjson/support/geo/Polygon.java,3.0,0.0,2.0,0.0,0.0,1.0,1.0,1.0,0.0,0.0,0.0,0.0,0.0,0.0,0.0,0.0,0.0,0.0,0.0,0.5,0.0,0,0,0,0,0,0,0,0
/home/gzhao/performance_bug_prediction/github_data_collection/projects/fastjson/src/main/java/com/alibaba/fastjson/support/hsf/HSFJSONUtils.java,82.0,0.0,68.0,4.0,0.0,14.0,13.0,29.0,1.0,2.0,0.0,0.0,0.0,0.0,0.0,0.0,0.0,0.0,0.0,9.0,0.0,0,0,0,0,0,0,0,0
/home/gzhao/performance_bug_prediction/github_data_collection/projects/fastjson/src/main/java/com/alibaba/fastjson/support/hsf/MethodLocator.java,1.0,0.0,1.0,0.0,0.0,0.0,1.0,1.0,0.0,0.0,0.0,0.0,0.0,0.0,0.0,0.0,0.0,0.0,0.0,0.0,0.0,0,0,0,0,0,0,0,0
/home/gzhao/performance_bug_prediction/github_data_collection/projects/fastjson/src/main/java/com/alibaba/fastjson/support/jaxrs/FastJsonAutoDiscoverable.java,6.0,1.0,4.0,1.0,0.17,2.0,3.0,3.0,0.0,0.0,0.0,0.0,0.0,0.0,0.0,0.0,0.0,0.0,0.0,0.0,0.0,6,10,1,0,2,1,0,0
/home/gzhao/performance_bug_prediction/github_data_collection/projects/fastjson/src/main/java/com/alibaba/fastjson/support/jaxrs/FastJsonProvider.java,6.1111111111111125,6.722222222222222,3.7777777777777777,0.5555555555555556,1.5105555555555554,1.8333333333333333,2.2777777777777777,2.0,0.1111111111111111,0.05555555555555555,0.0,0.0,0.0,0.0,0.0,0.0,0.0,0.05555555555555555,0.0,0.8333333333333334,0.0,0,0,0,0,0,0,0,0
/home/gzhao/performance_bug_prediction/github_data_collection/projects/fastjson/src/main/java/com/alibaba/fastjson/support/moneta/MonetaCodec.java,10.0,0.0,7.666666666666668,0.6666666666666666,0.0,2.333333333333333,1.3333333333333333,4.333333333333333,0.0,0.0,0.0,0.0,0.0,0.0,0.0,0.0,0.0,2.0,0.0,0.0,0.0,6,5,1,0,1,1,0,0
/home/gzhao/performance_bug_prediction/github_data_collection/projects/fastjson/src/main/java/com/alibaba/fastjson/support/retrofit/Retrofit2ConverterFactory.java,3.6875,5.0,2.4375,0.0625,1.45125,1.0625,1.125,1.875,0.0,0.0,0.0,0.0,0.0,0.0,0.0,0.0,0.0,0.0,0.0,0.625,0.0,0,0,0,0,0,0,0,0
/home/gzhao/performance_bug_prediction/github_data_collection/projects/fastjson/src/main/java/com/alibaba/fastjson/support/spring/FastJsonContainer.java,3.0,0.0,2.0,0.0,0.0,1.0,1.75,1.0,0.0,0.0,0.0,0.0,0.0,0.0,0.0,0.0,0.0,0.0,0.0,0.5,0.0,0,0,0,0,0,0,0,0
/home/gzhao/performance_bug_prediction/github_data_collection/projects/fastjson/src/main/java/com/alibaba/fastjson/support/spring/FastJsonHttpMessageConverter.java,6.090909090909091,3.5454545454545454,4.181818181818182,0.5,1.0713636363636363,1.7727272727272727,2.636363636363636,2.4545454545454546,0.13636363636363635,0.045454545454545456,0.0,0.0,0.0,0.0,0.0,0.0,0.0,0.18181818181818185,0.0,0.7272727272727273,0.0,2,2,0,0,1,0,0,0
/home/gzhao/performance_bug_prediction/github_data_collection/projects/fastjson/src/main/java/com/alibaba/fastjson/support/spring/FastJsonHttpMessageConverter4.java,3.0,0.0,2.0,0.0,0.0,1.0,2.5714285714285716,1.7142857142857142,0.0,0.0,0.0,0.0,0.0,0.0,0.0,0.0,0.0,0.8571428571428571,0.0,0.0,0.0,0,0,0,0,0,0,0,0
/home/gzhao/performance_bug_prediction/github_data_collection/projects/fastjson/src/main/java/com/alibaba/fastjson/support/spring/FastJsonJsonView.java,5.909090909090909,6.045454545454546,3.8181818181818175,0.4090909090909091,1.6536363636363631,1.6363636363636365,2.0,2.8181818181818183,0.13636363636363635,0.09090909090909093,0.0,0.0,0.0,0.0,0.0,0.0,0.18181818181818185,0.09090909090909093,0.0,1.9545454545454544,0.0,2,2,1,0,1,1,0,0
/home/gzhao/performance_bug_prediction/github_data_collection/projects/fastjson/src/main/java/com/alibaba/fastjson/support/spring/FastJsonRedisSerializer.java,3.0,0.0,2.0,0.0,0.0,1.0,1.0,1.0,0.0,0.0,0.0,0.0,0.0,0.0,0.0,0.0,0.0,0.0,0.0,0.5,0.0,0,0,0,0,0,0,0,0
/home/gzhao/performance_bug_prediction/github_data_collection/projects/fastjson/src/main/java/com/alibaba/fastjson/support/spring/FastJsonViewResponseBodyAdvice.java,6.25,0.0,5.0,0.25,0.0,1.75,3.5,4.0,0.0,0.0,0.0,0.0,0.0,0.0,0.0,0.0,0.0,0.75,0.0,0.25,0.0,0,0,0,0,0,0,0,0
/home/gzhao/performance_bug_prediction/github_data_collection/projects/fastjson/src/main/java/com/alibaba/fastjson/support/spring/FastJsonpHttpMessageConverter4.java,3.0,0.0,2.0,0.0,0.0,1.0,2.5714285714285716,1.7142857142857142,0.0,0.0,0.0,0.0,0.0,0.0,0.0,0.0,0.0,0.8571428571428571,0.0,0.0,0.0,0,0,0,0,0,0,0,0
/home/gzhao/performance_bug_prediction/github_data_collection/projects/fastjson/src/main/java/com/alibaba/fastjson/support/spring/FastJsonpResponseBodyAdvice.java,5.5,4.166666666666667,3.6666666666666665,0.5,1.17,1.6666666666666667,2.5,2.5,0.3333333333333333,0.0,0.0,0.0,0.0,0.0,0.0,0.0,0.16666666666666666,0.5,0.0,1.0,0.0,0,0,0,0,0,0,0,0
/home/gzhao/performance_bug_prediction/github_data_collection/projects/fastjson/src/main/java/com/alibaba/fastjson/support/spring/FastjsonSockJsMessageCodec.java,5.333333333333333,0.0,3.6666666666666665,0.3333333333333333,0.0,1.0,1.6666666666666667,3.333333333333333,0.0,0.0,0.0,0.0,0.0,0.0,0.0,0.0,0.0,0.6666666666666666,0.0,0.3333333333333333,0.0,0,0,0,0,0,0,0,0
/home/gzhao/performance_bug_prediction/github_data_collection/projects/fastjson/src/main/java/com/alibaba/fastjson/support/spring/JSONPResponseBodyAdvice.java,7.75,2.75,4.75,0.5,0.9175,1.75,3.0,4.75,0.0,0.0,0.0,0.0,0.0,0.0,0.0,0.0,0.0,0.75,0.0,0.0,0.0,0,0,0,0,0,0,0,0
/home/gzhao/performance_bug_prediction/github_data_collection/projects/fastjson/src/main/java/com/alibaba/fastjson/support/spring/MappingFastJsonValue.java,5.2,2.4,3.8,0.2,0.8,1.4,2.6,1.6,0.0,0.0,0.0,0.0,0.0,0.0,0.0,0.0,0.0,2.8,0.0,1.0,0.0,0,0,0,0,0,0,0,0
/home/gzhao/performance_bug_prediction/github_data_collection/projects/fastjson/src/main/java/com/alibaba/fastjson/support/spring/PropertyPreFilters.java,4.5,0.0,3.75,0.25,0.0,1.25,2.0,2.375,0.0,0.0,0.0,0.0,0.0,0.0,0.0,0.0,0.0,0.0,0.0,0.5,0.0,0,0,0,0,0,0,0,0
/home/gzhao/performance_bug_prediction/github_data_collection/projects/fastjson/src/main/java/com/alibaba/fastjson/support/spring/annotation/FastJsonFilter.java,1.0,0.0,1.0,0.0,0.0,0.0,1.0,1.0,0.0,0.0,0.0,0.0,0.0,0.0,0.0,0.0,0.0,0.0,0.0,0.0,0.0,0,0,0,0,0,0,0,0
/home/gzhao/performance_bug_prediction/github_data_collection/projects/fastjson/src/main/java/com/alibaba/fastjson/support/spring/annotation/FastJsonView.java,1.0,0.0,1.0,0.0,0.0,0.0,1.0,1.0,0.0,0.0,0.0,0.0,0.0,0.0,0.0,0.0,0.0,0.0,0.0,0.0,0.0,0,0,0,0,0,0,0,0
/home/gzhao/performance_bug_prediction/github_data_collection/projects/fastjson/src/main/java/com/alibaba/fastjson/support/spring/annotation/ResponseJSONP.java,1.0,3.0,1.0,0.0,3.0,0.0,1.0,1.0,0.0,0.0,0.0,0.0,0.0,0.0,0.0,0.0,0.0,0.0,0.0,0.0,0.0,0,0,0,0,0,0,0,0
/home/gzhao/performance_bug_prediction/github_data_collection/projects/fastjson/src/main/java/com/alibaba/fastjson/support/spring/messaging/MappingFastJsonMessageConverter.java,6.571428571428571,1.4285714285714286,4.0,0.42857142857142855,0.3985714285714286,1.7142857142857142,2.0,3.7142857142857135,0.0,0.0,0.0,0.0,0.0,0.0,0.0,0.0,0.0,0.0,0.0,1.4285714285714286,0.0,0,0,0,0,0,0,0,0
/home/gzhao/performance_bug_prediction/github_data_collection/projects/fastjson/src/main/java/com/alibaba/fastjson/support/springfox/SwaggerJsonSerializer.java,7.0,1.0,5.0,0.0,0.14,1.0,2.0,3.0,0.0,0.0,0.0,0.0,0.0,0.0,0.0,0.0,0.0,4.0,0.0,0.0,0.0,0,0,0,0,0,0,0,0
/home/gzhao/performance_bug_prediction/github_data_collection/projects/fastjson/src/main/java/com/alibaba/fastjson/util/ASMClassLoader.java,7.0,0.0,5.0,0.6666666666666666,0.0,2.0,3.333333333333333,2.333333333333333,0.3333333333333333,0.0,0.0,0.0,0.0,0.0,0.0,0.0,0.0,0.0,0.0,0.0,0.0,0,0,0,0,0,0,0,0
/home/gzhao/performance_bug_prediction/github_data_collection/projects/fastjson/src/main/java/com/alibaba/fastjson/util/ASMUtils.java,12.0,0.6666666666666666,9.5,1.3333333333333333,0.06833333333333334,3.8333333333333335,6.833333333333332,5.0,0.16666666666666666,0.0,0.0,0.0,0.0,0.0,0.0,0.0,0.0,0.0,0.0,0.3333333333333333,0.0,0,0,0,0,0,0,0,0
/home/gzhao/performance_bug_prediction/github_data_collection/projects/fastjson/src/main/java/com/alibaba/fastjson/util/AntiCollisionHashMap.java,7.0,3.983333333333333,5.7333333333333325,0.7166666666666667,0.6443333333333334,2.2,3.35,3.033333333333333,0.21666666666666667,0.06666666666666668,0.05,0.0,0.0,0.0,0.03333333333333333,0.0,0.18333333333333326,0.1,0.0,2.5,0.0,0,0,0,0,0,0,0,0
/home/gzhao/performance_bug_prediction/github_data_collection/projects/fastjson/src/main/java/com/alibaba/fastjson/util/Base64.java,34.666666666666664,21.33333333333333,34.333333333333336,2.0,0.6133333333333333,13.0,3.333333333333333,2.0,1.0,2.0,0.0,0.0,0.0,0.0,0.0,0.0,0.0,0.0,0.0,0.6666666666666666,0.0,0,0,0,0,0,0,0,0
/home/gzhao/performance_bug_prediction/github_data_collection/projects/fastjson/src/main/java/com/alibaba/fastjson/util/FieldInfo.java,16.176470588235293,0.1176470588235294,11.882352941176471,1.2941176470588236,0.0023529411764705885,4.352941176470588,5.235294117647058,4.764705882352942,0.6470588235294118,0.17647058823529413,0.05882352941176471,0.0,0.0,0.0,0.0,0.0,0.0,0.0,0.0,0.8235294117647058,0.0,21,54,3,0,7,3,0,0
/home/gzhao/performance_bug_prediction/github_data_collection/projects/fastjson/src/main/java/com/alibaba/fastjson/util/GenericArrayTypeImpl.java,6.0,0.0,4.25,0.5,0.0,1.5,1.25,2.75,0.0,0.0,0.0,0.0,0.0,0.0,0.0,0.0,0.0,0.0,0.0,2.0,0.0,0,0,0,0,0,0,0,0
/home/gzhao/performance_bug_prediction/github_data_collection/projects/fastjson/src/main/java/com/alibaba/fastjson/util/IOUtils.java,25.857142857142854,8.5,20.714285714285715,2.0714285714285716,0.22285714285714284,6.857142857142858,4.714285714285714,2.0,2.0,0.42857142857142855,0.0,0.0,0.0,0.14285714285714285,0.0,0.0,0.0,0.07142857142857142,0.0,0.21428571428571427,0.0,0,0,0,0,0,0,0,0
/home/gzhao/performance_bug_prediction/github_data_collection/projects/fastjson/src/main/java/com/alibaba/fastjson/util/IdentityHashMap.java,10.8,0.2,9.6,2.0,0.016,3.2,6.0,2.4,1.0,0.0,0.4,0.0,0.0,0.0,0.0,0.0,0.0,0.0,0.0,2.0,0.0,0,0,0,0,0,0,0,0
/home/gzhao/performance_bug_prediction/github_data_collection/projects/fastjson/src/main/java/com/alibaba/fastjson/util/JavaBeanInfo.java,21.272727272727273,1.3636363636363635,15.454545454545455,2.1818181818181817,0.15636363636363634,6.090909090909091,4.909090909090909,6.2727272727272725,2.9090909090909087,0.2727272727272727,0.3636363636363637,0.0,0.0,0.0,0.0,0.0,1.2727272727272727,0.0,0.0,2.272727272727273,0.0,17,29,1,0,5,1,0,0
/home/gzhao/performance_bug_prediction/github_data_collection/projects/fastjson/src/main/java/com/alibaba/fastjson/util/ParameterizedTypeImpl.java,4.6,0.2,4.4,0.2,0.024,2.8,2.0,1.6,0.0,0.0,0.0,0.0,0.0,0.0,0.0,0.0,0.0,0.0,0.0,1.2,0.0,0,0,0,0,0,0,0,0
/home/gzhao/performance_bug_prediction/github_data_collection/projects/fastjson/src/main/java/com/alibaba/fastjson/util/RyuDouble.java,224.5,31.5,179.5,3.0,0.07,41.5,4.0,3.5,3.5,6.0,0.0,0.0,0.0,0.0,0.0,0.0,0.0,0.0,0.0,0.0,0.0,0,0,0,0,0,0,0,0
/home/gzhao/performance_bug_prediction/github_data_collection/projects/fastjson/src/main/java/com/alibaba/fastjson/util/RyuFloat.java,129.5,19.0,111.0,2.0,0.075,23.5,4.0,3.0,3.5,5.0,0.0,0.0,0.0,0.0,0.0,0.0,0.0,0.0,0.0,0.0,0.0,0,0,0,0,0,0,0,0
/home/gzhao/performance_bug_prediction/github_data_collection/projects/fastjson/src/main/java/com/alibaba/fastjson/util/ServiceLoader.java,26.0,0.0,19.0,3.0,0.0,5.0,3.0,8.0,3.0,0.0,0.0,0.0,0.0,0.0,1.0,0.0,1.0,3.0,0.0,3.0,0.0,0,0,0,0,0,0,0,0
/home/gzhao/performance_bug_prediction/github_data_collection/projects/fastjson/src/main/java/com/alibaba/fastjson/util/ThreadLocalCache.java,8.5,0.5,6.25,0.75,0.0625,2.25,3.25,2.5,0.0,0.0,0.0,0.0,0.0,1.0,0.0,0.0,0.0,0.0,0.0,0.875,0.0,0,0,0,0,0,0,0,0
/home/gzhao/performance_bug_prediction/github_data_collection/projects/fastjson/src/main/java/com/alibaba/fastjson/util/TypeUtils.java,25.555555555555557,1.0277777777777777,16.63888888888889,1.6666666666666667,0.06000000000000001,6.625,5.333333333333333,6.2638888888888875,1.8611111111111112,0.2638888888888889,0.08333333333333333,0.0,0.0,0.013888888888888888,0.013888888888888888,0.0,0.5138888888888888,0.013888888888888888,0.0,3.138888888888889,0.0,161,194,5,0,17,5,1,0
/home/gzhao/performance_bug_prediction/github_data_collection/projects/fastjson/src/main/java/com/alibaba/fastjson/util/UTF8Decoder.java,12.4,1.1,9.9,0.8,0.026000000000000002,3.7,4.1,3.3,1.2,0.0,0.0,0.0,0.0,0.0,0.0,0.0,0.0,0.0,0.0,1.1,0.0,0,0,0,0,0,0,0,0
