File,CountLineCode,CountLineComment,CountStmt,MaxNesting,RatioCommentToCode,Cyclomatic,CountInput,CountOutput,num_if_inloop,num_loop_inif,num_nested_loop,num_nested_loop_incrit,synchronization,thread,io_in_loop,database_in_loop,collection_in_loop,io,database,collection,recursive,lines_deleted,lines_added,num_general_bugs,num_perf_bugs,num_revisions,num_general_fixing_revisions,num_perf_fixing_revisions,label
/home/gzhao/performance_bug_prediction/github_data_collection/projects/Anki-Android/AnkiDroid/src/main/java/com/ichi2/anim/ActivityTransitionAnimation.java,16.0,1.0,14.0,1.0,0.06,8.0,19.0,1.0,0.0,0.0,0.0,0.0,0.0,0.0,0.0,0.0,0.0,0.0,0.0,0.0,0.0,0,0,0,0,0,0,0,0
/home/gzhao/performance_bug_prediction/github_data_collection/projects/Anki-Android/AnkiDroid/src/main/java/com/ichi2/anim/ViewAnimation.java,25.0,0.0,16.5,1.0,0.0,4.5,8.5,4.0,0.0,0.0,0.0,0.0,0.0,0.0,0.0,0.0,0.0,0.0,0.0,6.5,0.0,0,0,0,0,0,0,0,0
/home/gzhao/performance_bug_prediction/github_data_collection/projects/Anki-Android/AnkiDroid/src/main/java/com/ichi2/anki/AbstractFlashcardViewer.java,10.93529411764706,1.5764705882352938,7.858823529411764,0.6529411764705882,0.17700000000000007,2.488235294117647,4.552941176470588,4.994117647058824,0.017647058823529408,0.005882352941176471,0.0,0.0,0.2235294117647059,0.0,0.0,0.0,0.0,0.023529411764705882,0.0,1.1941176470588235,0.0,1059,1299,10,0,75,10,0,0
/home/gzhao/performance_bug_prediction/github_data_collection/projects/Anki-Android/AnkiDroid/src/main/java/com/ichi2/anki/AnkiActivity.java,6.0588235294117645,0.9019607843137256,4.294117647058823,0.35294117647058826,0.1672549019607843,1.4313725490196083,9.784313725490195,3.392156862745098,0.0,0.0,0.0,0.0,0.0,0.0,0.0,0.0,0.0,0.0,0.0,0.8039215686274509,0.0,29,55,0,0,6,0,0,0
/home/gzhao/performance_bug_prediction/github_data_collection/projects/Anki-Android/AnkiDroid/src/main/java/com/ichi2/anki/AnkiDroidApp.java,6.625,3.75,4.541666666666667,0.4583333333333333,0.6895833333333333,1.8333333333333333,9.375,3.7916666666666665,0.0,0.0,0.0,0.0,0.0,0.0,0.0,0.0,0.0,0.041666666666666664,0.0,0.75,0.0,43,104,5,0,9,5,0,0
/home/gzhao/performance_bug_prediction/github_data_collection/projects/Anki-Android/AnkiDroid/src/main/java/com/ichi2/anki/AnkiFont.java,12.714285714285715,1.5714285714285714,9.571428571428571,0.7142857142857143,0.07428571428571429,3.0,2.7142857142857144,4.714285714285714,0.2857142857142857,0.0,0.0,0.0,0.0,0.0,0.0,0.0,0.0,0.7142857142857143,0.0,1.0,0.0,2,2,0,0,1,0,0,0
/home/gzhao/performance_bug_prediction/github_data_collection/projects/Anki-Android/AnkiDroid/src/main/java/com/ichi2/anki/BackupManager.java,7.8461538461538485,0.38461538461538464,5.6923076923076925,0.8461538461538461,0.08230769230769233,2.1538461538461537,3.2307692307692317,4.384615384615385,0.2307692307692308,0.15384615384615385,0.0,0.0,0.0,0.0,1.0769230769230769,0.0,0.07692307692307693,4.3076923076923075,0.07692307692307693,0.6923076923076923,0.0,10,6,0,0,2,0,0,0
/home/gzhao/performance_bug_prediction/github_data_collection/projects/Anki-Android/AnkiDroid/src/main/java/com/ichi2/anki/CardBrowser.java,10.037593984962406,1.3233082706766917,7.315789473684211,0.5939849624060151,0.11172932330827068,2.022556390977444,3.6390977443609023,5.42105263157895,0.09774436090225563,0.0075187969924812035,0.0,0.0,0.0075187969924812035,0.0,0.0,0.0,0.06015037593984963,0.015037593984962403,0.0,2.082706766917293,0.0,759,1103,11,1,63,12,1,0
/home/gzhao/performance_bug_prediction/github_data_collection/projects/Anki-Android/AnkiDroid/src/main/java/com/ichi2/anki/CardTemplateBrowserAppearanceEditor.java,5.857142857142858,0.0,4.285714285714286,0.14285714285714285,0.0,1.2857142857142858,3.0952380952380962,3.6666666666666665,0.0,0.0,0.0,0.0,0.0,0.0,0.0,0.0,0.0,0.0,0.0,0.3333333333333333,0.0,0,0,0,0,0,0,0,0
/home/gzhao/performance_bug_prediction/github_data_collection/projects/Anki-Android/AnkiDroid/src/main/java/com/ichi2/anki/CardTemplateEditor.java,8.148936170212767,2.0638297872340425,6.0,0.425531914893617,0.33531914893617026,1.7234042553191489,2.404255319148936,5.170212765957447,0.02127659574468085,0.02127659574468085,0.02127659574468085,0.0,0.0,0.0,0.0,0.0,0.02127659574468085,0.0,0.0,1.127659574468085,0.0,110,137,1,0,11,1,0,0
/home/gzhao/performance_bug_prediction/github_data_collection/projects/Anki-Android/AnkiDroid/src/main/java/com/ichi2/anki/CardUtils.java,9.333333333333334,1.0,7.0,2.0,0.14333333333333334,3.0,3.333333333333333,2.6666666666666665,1.0,0.0,0.0,0.0,0.0,0.0,0.0,0.0,0.0,0.0,0.0,1.6666666666666667,0.0,0,0,0,0,0,0,0,0
/home/gzhao/performance_bug_prediction/github_data_collection/projects/Anki-Android/AnkiDroid/src/main/java/com/ichi2/anki/CollectionHelper.java,6.1538461538461515,2.5384615384615383,4.230769230769232,0.3076923076923077,0.6315384615384616,1.4615384615384617,11.384615384615385,3.4615384615384617,0.0,0.0,0.0,0.0,0.15384615384615385,0.0,0.0,0.0,0.0,0.7692307692307693,0.15384615384615385,2.0,0.0,19,15,2,0,5,2,0,0
/home/gzhao/performance_bug_prediction/github_data_collection/projects/Anki-Android/AnkiDroid/src/main/java/com/ichi2/anki/DeckOptions.java,6.63157894736842,0.6578947368421053,4.921052631578949,0.3684210526315789,0.08947368421052633,1.6052631578947367,2.526315789473684,3.736842105263158,0.2368421052631579,0.0,0.0,0.0,0.0,0.0,0.0,0.0,0.2368421052631579,0.0,0.0,1.4210526315789471,0.0,93,65,1,0,6,1,0,0
/home/gzhao/performance_bug_prediction/github_data_collection/projects/Anki-Android/AnkiDroid/src/main/java/com/ichi2/anki/DeckPicker.java,11.345132743362832,1.1061946902654871,7.6283185840707946,0.5752212389380531,0.0913274336283186,2.194690265486725,3.1238938053097347,5.477876106194692,0.008849557522123894,0.0,0.0,0.0,0.02654867256637168,0.0,0.035398230088495575,0.0,0.035398230088495575,0.1415929203539823,0.1946902654867257,1.424778761061947,0.0,311,548,7,0,40,7,0,0
/home/gzhao/performance_bug_prediction/github_data_collection/projects/Anki-Android/AnkiDroid/src/main/java/com/ichi2/anki/FieldEditText.java,5.25,1.25,3.875,0.25,0.3075,1.25,2.0,3.125,0.0,0.0,0.0,0.0,0.0,0.0,0.0,0.0,0.0,0.0,0.0,1.25,0.0,0,0,0,0,0,0,0,0
/home/gzhao/performance_bug_prediction/github_data_collection/projects/Anki-Android/AnkiDroid/src/main/java/com/ichi2/anki/FilteredDeckOptions.java,5.793103448275862,0.206896551724138,4.206896551724138,0.3448275862068966,0.03413793103448276,1.5517241379310345,2.2068965517241383,3.103448275862069,0.2413793103448276,0.0,0.0,0.0,0.0,0.0,0.0,0.0,0.2413793103448276,0.0,0.0,1.1379310344827591,0.0,92,84,1,0,3,1,0,0
/home/gzhao/performance_bug_prediction/github_data_collection/projects/Anki-Android/AnkiDroid/src/main/java/com/ichi2/anki/Info.java,26.0,2.25,17.5,1.0,0.1625,2.0,4.0,9.75,0.0,0.0,0.0,0.0,0.0,0.0,0.0,0.0,0.0,0.0,0.0,3.75,0.0,12,11,1,0,2,1,0,0
/home/gzhao/performance_bug_prediction/github_data_collection/projects/Anki-Android/AnkiDroid/src/main/java/com/ichi2/anki/IntentHandler.java,7.769230769230767,1.3076923076923077,5.9230769230769225,0.3076923076923077,0.1869230769230769,1.6923076923076923,3.5384615384615383,4.9230769230769225,0.0,0.0,0.0,0.0,0.0,0.0,0.0,0.0,0.0,0.2307692307692308,0.0,0.5384615384615384,0.0,65,152,2,0,10,2,0,0
/home/gzhao/performance_bug_prediction/github_data_collection/projects/Anki-Android/AnkiDroid/src/main/java/com/ichi2/anki/Lookup.java,17.5,1.75,11.5,0.25,0.47375,3.75,6.25,5.625,0.125,0.125,0.0,0.0,0.0,0.0,0.0,0.0,0.0,0.0,0.0,0.25,0.0,0,0,0,0,0,0,0,0
/home/gzhao/performance_bug_prediction/github_data_collection/projects/Anki-Android/AnkiDroid/src/main/java/com/ichi2/anki/MetaDB.java,10.0,0.875,6.625,1.0,0.09625,2.125,4.625,3.5,0.0,0.0,0.0,0.0,0.0,0.0,0.0,0.0,0.0,0.0,1.25,0.125,0.0,30,110,1,0,1,1,0,0
/home/gzhao/performance_bug_prediction/github_data_collection/projects/Anki-Android/AnkiDroid/src/main/java/com/ichi2/anki/ModelBrowser.java,9.59375,0.40625,6.9375,0.4375,0.015625,1.5625,3.0625,4.59375,0.0,0.03125,0.0,0.0,0.0,0.0,0.0,0.0,0.03125,0.0,0.0,1.75,0.0,189,137,1,0,12,1,0,0
/home/gzhao/performance_bug_prediction/github_data_collection/projects/Anki-Android/AnkiDroid/src/main/java/com/ichi2/anki/ModelFieldEditor.java,10.846153846153848,0.3461538461538461,6.9230769230769225,0.7692307692307693,0.016153846153846154,1.5,3.1538461538461537,4.846153846153847,0.038461538461538464,0.0,0.0,0.0,0.0,0.0,0.0,0.0,0.0,0.0,0.0,1.8461538461538465,0.0,98,65,0,0,9,0,0,0
/home/gzhao/performance_bug_prediction/github_data_collection/projects/Anki-Android/AnkiDroid/src/main/java/com/ichi2/anki/MyAccount.java,12.666666666666664,0.6666666666666666,9.083333333333334,1.0,0.0775,2.1666666666666665,4.25,7.916666666666668,0.0,0.0,0.0,0.0,0.0,0.0,0.0,0.0,0.0,0.0,0.08333333333333333,1.6666666666666667,0.0,31,43,1,0,8,1,0,0
/home/gzhao/performance_bug_prediction/github_data_collection/projects/Anki-Android/AnkiDroid/src/main/java/com/ichi2/anki/NavigationDrawerActivity.java,11.782608695652176,2.217391304347826,8.391304347826088,0.7391304347826086,0.2013043478260869,2.3043478260869565,4.913043478260869,5.043478260869565,0.0,0.043478260869565216,0.0,0.0,0.08695652173913042,0.0,0.0,0.0,0.043478260869565216,0.0,0.0,1.2173913043478262,0.0,56,59,1,0,7,1,0,0
/home/gzhao/performance_bug_prediction/github_data_collection/projects/Anki-Android/AnkiDroid/src/main/java/com/ichi2/anki/NoteEditor.java,14.810810810810812,2.121621621621621,11.013513513513512,1.0675675675675675,0.14851351351351352,3.027027027027027,4.297297297297297,7.243243243243242,0.2432432432432433,0.12162162162162166,0.0,0.0,0.0,0.0,0.0,0.0,0.40540540540540543,0.0,0.0,2.27027027027027,0.0,451,420,3,0,32,3,0,0
/home/gzhao/performance_bug_prediction/github_data_collection/projects/Anki-Android/AnkiDroid/src/main/java/com/ichi2/anki/NotificationChannels.java,8.25,1.5,4.5,0.75,0.215,3.25,5.0,2.5,0.0,0.0,0.0,0.0,0.0,0.0,0.0,0.0,0.25,0.0,0.0,0.5,0.0,0,0,0,0,0,0,0,0
/home/gzhao/performance_bug_prediction/github_data_collection/projects/Anki-Android/AnkiDroid/src/main/java/com/ichi2/anki/Preferences.java,15.88,1.16,12.52,0.96,0.058400000000000014,2.36,3.16,5.24,0.16,0.24,0.08,0.0,0.24,0.0,0.0,0.0,0.2,0.16,0.04,4.08,0.0,119,77,0,0,17,0,0,0
/home/gzhao/performance_bug_prediction/github_data_collection/projects/Anki-Android/AnkiDroid/src/main/java/com/ichi2/anki/Previewer.java,10.272727272727273,0.8181818181818182,8.0,0.5454545454545454,0.15545454545454548,1.9090909090909087,3.3636363636363638,4.818181818181818,0.0,0.0,0.0,0.0,0.0,0.0,0.0,0.0,0.0,0.0,0.0,3.0909090909090917,0.0,7,28,1,0,3,1,0,0
/home/gzhao/performance_bug_prediction/github_data_collection/projects/Anki-Android/AnkiDroid/src/main/java/com/ichi2/anki/ReadText.java,14.4,3.45,9.25,0.7,0.209,2.3,4.4,5.3,0.05,0.05,0.0,0.0,0.0,0.0,0.0,0.0,0.0,0.0,0.0,1.15,0.0,12,42,2,0,5,2,0,0
/home/gzhao/performance_bug_prediction/github_data_collection/projects/Anki-Android/AnkiDroid/src/main/java/com/ichi2/anki/Reviewer.java,12.372093023255816,0.9767441860465116,8.767441860465116,0.6976744186046512,0.08418604651162791,2.8372093023255816,2.6744186046511627,5.883720930232557,0.0,0.0,0.0,0.0,0.04651162790697674,0.0,0.0,0.0,0.06976744186046513,0.0,0.0,2.0,0.0,399,381,4,0,46,4,0,0
/home/gzhao/performance_bug_prediction/github_data_collection/projects/Anki-Android/AnkiDroid/src/main/java/com/ichi2/anki/Statistics.java,12.058823529411766,1.0,8.470588235294116,0.7058823529411765,0.07882352941176468,2.9117647058823533,4.029411764705882,6.352941176470589,0.029411764705882363,0.0,0.0,0.0,0.0,0.0,0.0,0.0,0.0,0.0,0.0,1.7352941176470589,0.0,41,30,0,0,6,0,0,0
/home/gzhao/performance_bug_prediction/github_data_collection/projects/Anki-Android/AnkiDroid/src/main/java/com/ichi2/anki/StudyOptionsActivity.java,5.461538461538462,0.7692307692307693,3.7692307692307687,0.38461538461538464,0.1807692307692308,1.4615384615384617,1.1538461538461535,3.3846153846153846,0.0,0.0,0.0,0.0,0.0,0.0,0.0,0.0,0.0,0.0,0.0,0.3076923076923077,0.0,4,3,0,0,2,0,0,0
/home/gzhao/performance_bug_prediction/github_data_collection/projects/Anki-Android/AnkiDroid/src/main/java/com/ichi2/anki/StudyOptionsFragment.java,17.482758620689655,2.9655172413793105,12.551724137931034,0.4827586206896552,0.2220689655172413,2.6206896551724137,4.103448275862069,6.482758620689657,0.0,0.0,0.0,0.0,0.0,0.3793103448275862,0.0,0.0,0.0,0.0,0.0,4.0,0.0,222,261,3,1,20,4,1,0
/home/gzhao/performance_bug_prediction/github_data_collection/projects/Anki-Android/AnkiDroid/src/main/java/com/ichi2/anki/TtsParser.java,5.333333333333333,0.3333333333333333,3.6666666666666665,0.3333333333333333,0.03333333333333333,1.6666666666666667,2.333333333333333,3.0,0.0,0.0,0.0,0.0,0.0,0.0,0.0,0.0,0.3333333333333333,0.0,0.0,1.0,0.0,6,8,1,0,2,1,0,0
/home/gzhao/performance_bug_prediction/github_data_collection/projects/Anki-Android/AnkiDroid/src/main/java/com/ichi2/anki/UIUtils.java,7.7272727272727275,1.3636363636363635,5.0,0.2727272727272727,0.3018181818181818,1.8181818181818181,10.727272727272727,3.6363636363636362,0.0,0.0,0.0,0.0,0.0,0.0,0.0,0.0,0.0,0.0,0.0,1.5454545454545454,0.0,6,6,0,0,2,0,0,0
/home/gzhao/performance_bug_prediction/github_data_collection/projects/Anki-Android/AnkiDroid/src/main/java/com/ichi2/anki/VideoPlayer.java,8.0,0.6,6.0,0.2,0.094,1.2,2.0,4.8,0.0,0.0,0.0,0.0,0.0,0.0,0.0,0.0,0.0,0.0,0.0,1.0,0.0,12,9,0,0,2,0,0,0
/home/gzhao/performance_bug_prediction/github_data_collection/projects/Anki-Android/AnkiDroid/src/main/java/com/ichi2/anki/Whiteboard.java,8.0,1.0740740740740742,5.925925925925926,0.5925925925925926,0.2037037037037037,2.0,4.4444444444444455,4.185185185185185,0.0,0.037037037037037035,0.0,0.0,0.0,0.0,0.0,0.0,0.0,0.0,0.0,0.4814814814814815,0.0,2,7,0,0,1,0,0,0
/home/gzhao/performance_bug_prediction/github_data_collection/projects/Anki-Android/AnkiDroid/src/main/java/com/ichi2/anki/analytics/AcraAnalyticsInteraction.java,5.0,1.0,4.0,0.0,0.2,1.0,1.0,4.0,0.0,0.0,0.0,0.0,0.0,0.0,0.0,0.0,0.0,2.0,0.0,0.0,0.0,0,0,0,0,0,0,0,0
/home/gzhao/performance_bug_prediction/github_data_collection/projects/Anki-Android/AnkiDroid/src/main/java/com/ichi2/anki/analytics/AnalyticsDialogFragment.java,4.0,0.0,3.0,0.0,0.0,1.0,0.0,2.0,0.0,0.0,0.0,0.0,0.0,0.0,0.0,0.0,0.0,0.0,0.0,0.0,0.0,0,0,0,0,0,0,0,0
/home/gzhao/performance_bug_prediction/github_data_collection/projects/Anki-Android/AnkiDroid/src/main/java/com/ichi2/anki/analytics/AnkiDroidCrashReportDialog.java,10.0,2.0,7.25,1.25,0.1275,2.25,3.5,7.25,0.0,0.0,0.0,0.0,0.0,0.0,0.0,0.0,0.0,0.0,0.0,0.75,0.0,9,15,1,0,1,1,0,0
/home/gzhao/performance_bug_prediction/github_data_collection/projects/Anki-Android/AnkiDroid/src/main/java/com/ichi2/anki/analytics/UsageAnalytics.java,6.0,3.8125,4.4375,0.375,0.8174999999999999,1.5,3.375,3.875,0.0,0.0,0.0,0.0,0.0,0.1875,0.0,0.0,0.0,0.0,0.0,0.375,0.0,0,0,0,0,0,0,0,0
/home/gzhao/performance_bug_prediction/github_data_collection/projects/Anki-Android/AnkiDroid/src/main/java/com/ichi2/anki/cardviewer/CardAppearance.java,7.7272727272727275,3.5454545454545454,5.7272727272727275,0.4545454545454545,0.4818181818181818,1.8181818181818181,3.3636363636363638,3.5454545454545454,0.0,0.0,0.0,0.0,0.0,0.0,0.0,0.0,0.0,0.0,0.0,0.0,0.0,5,5,0,0,2,0,0,0
/home/gzhao/performance_bug_prediction/github_data_collection/projects/Anki-Android/AnkiDroid/src/main/java/com/ichi2/anki/cardviewer/TypedAnswer.java,12.0,6.0,10.0,1.0,0.5,2.0,5.0,7.0,0.0,0.0,0.0,0.0,0.0,0.0,0.0,0.0,0.0,0.0,0.0,0.0,0.0,2,2,1,0,1,1,0,0
/home/gzhao/performance_bug_prediction/github_data_collection/projects/Anki-Android/AnkiDroid/src/main/java/com/ichi2/anki/cardviewer/ViewerCommand.java,1.0,6.0,1.0,0.0,6.0,0.0,1.0,1.0,0.0,0.0,0.0,0.0,0.0,0.0,0.0,0.0,0.0,0.0,0.0,0.0,0.0,35,54,1,0,6,1,0,0
/home/gzhao/performance_bug_prediction/github_data_collection/projects/Anki-Android/AnkiDroid/src/main/java/com/ichi2/anki/contextmenu/CardBrowserContextMenu.java,4.0,0.0,2.8,0.2,0.0,1.2,3.0,2.4,0.0,0.0,0.0,0.0,0.0,0.0,0.0,0.0,0.0,0.0,0.0,0.2,0.0,2,2,0,0,1,0,0,0
/home/gzhao/performance_bug_prediction/github_data_collection/projects/Anki-Android/AnkiDroid/src/main/java/com/ichi2/anki/debug/DatabaseLock.java,5.0,0.0,4.0,0.0,0.0,1.0,2.0,6.0,0.0,0.0,0.0,0.0,1.0,0.0,0.0,0.0,0.0,0.0,2.0,2.0,0.0,0,0,0,0,0,0,0,0
/home/gzhao/performance_bug_prediction/github_data_collection/projects/Anki-Android/AnkiDroid/src/main/java/com/ichi2/anki/dialogs/AsyncDialogFragment.java,2.0,0.0,1.5,0.0,0.0,0.5,4.75,1.25,0.0,0.0,0.0,0.0,0.0,0.0,0.0,0.0,0.0,0.0,0.0,0.0,0.0,0,0,0,0,0,0,0,0
/home/gzhao/performance_bug_prediction/github_data_collection/projects/Anki-Android/AnkiDroid/src/main/java/com/ichi2/anki/dialogs/CardBrowserMySearchesDialog.java,10.875,0.125,7.5,0.25,0.0025,1.0,2.875,6.5,0.0,0.0,0.0,0.0,0.0,0.0,0.0,0.0,0.0,0.0,0.0,2.125,0.0,0,0,0,0,0,0,0,0
/home/gzhao/performance_bug_prediction/github_data_collection/projects/Anki-Android/AnkiDroid/src/main/java/com/ichi2/anki/dialogs/CardBrowserOrderDialog.java,15.0,0.5,10.0,1.5,0.025,2.5,4.0,9.5,1.0,0.0,0.0,0.0,0.0,0.0,0.0,0.0,0.0,0.0,0.0,1.5,0.0,7,6,0,0,2,0,0,0
/home/gzhao/performance_bug_prediction/github_data_collection/projects/Anki-Android/AnkiDroid/src/main/java/com/ichi2/anki/dialogs/ConfirmationDialog.java,4.571428571428571,0.2857142857142857,2.5714285714285716,0.0,0.14285714285714285,1.1428571428571428,6.428571428571429,2.7142857142857144,0.0,0.0,0.0,0.0,0.0,0.0,0.0,0.0,0.0,0.0,0.0,0.8571428571428571,0.0,2,2,0,0,1,0,0,0
/home/gzhao/performance_bug_prediction/github_data_collection/projects/Anki-Android/AnkiDroid/src/main/java/com/ichi2/anki/dialogs/ContextMenuHelper.java,7.0,0.0,7.0,1.0,0.0,2.0,3.5,2.5,0.0,0.0,0.0,0.0,0.0,0.0,0.0,0.0,0.5,0.0,0.0,2.5,0.0,0,0,0,0,0,0,0,0
/home/gzhao/performance_bug_prediction/github_data_collection/projects/Anki-Android/AnkiDroid/src/main/java/com/ichi2/anki/dialogs/CustomStudyDialog.java,18.47619047619048,3.238095238095238,11.476190476190474,0.5238095238095238,0.1180952380952381,2.4761904761904763,4.476190476190476,7.571428571428571,0.0,0.047619047619047616,0.0,0.0,0.0,0.0,0.0,0.0,0.0,0.0,0.0,2.7142857142857144,0.0,140,130,2,0,14,2,0,0
/home/gzhao/performance_bug_prediction/github_data_collection/projects/Anki-Android/AnkiDroid/src/main/java/com/ichi2/anki/dialogs/DatabaseErrorDialog.java,10.875,1.0,6.25,0.625,0.1025,3.5,4.75,4.0,0.0,0.0,0.0,0.0,0.0,0.0,0.0,0.0,0.0,0.0,1.25,0.25,0.0,9,37,0,0,4,0,0,0
/home/gzhao/performance_bug_prediction/github_data_collection/projects/Anki-Android/AnkiDroid/src/main/java/com/ichi2/anki/dialogs/DeckPickerAnalyticsOptInDialog.java,11.0,0.0,4.5,0.0,0.0,1.0,2.0,7.0,0.0,0.0,0.0,0.0,0.0,0.0,0.0,0.0,0.0,0.0,0.0,0.5,0.0,0,0,0,0,0,0,0,0
/home/gzhao/performance_bug_prediction/github_data_collection/projects/Anki-Android/AnkiDroid/src/main/java/com/ichi2/anki/dialogs/DeckPickerBackupNoSpaceLeftDialog.java,8.5,0.0,4.0,0.0,0.0,1.0,2.0,7.5,0.0,0.0,0.0,0.0,0.0,0.0,0.0,0.0,0.0,0.0,0.0,1.5,0.0,0,0,0,0,0,0,0,0
/home/gzhao/performance_bug_prediction/github_data_collection/projects/Anki-Android/AnkiDroid/src/main/java/com/ichi2/anki/dialogs/DeckPickerConfirmDeleteDeckDialog.java,12.0,0.0,6.0,0.0,0.0,1.0,2.5,9.0,0.0,0.0,0.0,0.0,0.0,0.0,0.0,0.0,0.0,0.0,0.0,0.5,0.0,0,0,0,0,0,0,0,0
/home/gzhao/performance_bug_prediction/github_data_collection/projects/Anki-Android/AnkiDroid/src/main/java/com/ichi2/anki/dialogs/DeckPickerContextMenu.java,22.5,0.0,15.5,0.25,0.0,3.25,6.25,12.0,0.0,0.0,0.0,0.0,0.0,0.0,0.0,0.0,0.0,0.0,0.0,5.25,0.0,0,0,0,0,0,0,0,0
/home/gzhao/performance_bug_prediction/github_data_collection/projects/Anki-Android/AnkiDroid/src/main/java/com/ichi2/anki/dialogs/DeckPickerExportCompleteDialog.java,8.6,0.0,5.4,0.0,0.0,1.0,2.2,6.8,0.0,0.0,0.0,0.0,0.0,0.0,0.0,0.0,0.0,0.6,0.0,0.4,0.0,0,0,0,0,0,0,0,0
/home/gzhao/performance_bug_prediction/github_data_collection/projects/Anki-Android/AnkiDroid/src/main/java/com/ichi2/anki/dialogs/DeckPickerNoSpaceLeftDialog.java,8.0,0.0,3.5,0.0,0.0,1.0,2.0,6.5,0.0,0.0,0.0,0.0,0.0,0.0,0.0,0.0,0.0,0.0,0.0,1.5,0.0,0,0,0,0,0,0,0,0
/home/gzhao/performance_bug_prediction/github_data_collection/projects/Anki-Android/AnkiDroid/src/main/java/com/ichi2/anki/dialogs/DialogHandler.java,15.2,3.2,12.2,0.8,0.37,3.6,5.2,7.4,0.0,0.0,0.0,0.0,0.0,0.0,0.0,0.0,0.0,0.0,0.6,2.6,0.0,2,5,1,0,1,1,0,0
/home/gzhao/performance_bug_prediction/github_data_collection/projects/Anki-Android/AnkiDroid/src/main/java/com/ichi2/anki/dialogs/DiscardChangesDialog.java,6.0,0.0,2.0,0.0,0.0,1.0,4.0,4.0,0.0,0.0,0.0,0.0,0.0,0.0,0.0,0.0,0.0,0.0,0.0,0.0,0.0,0,0,0,0,0,0,0,0
/home/gzhao/performance_bug_prediction/github_data_collection/projects/Anki-Android/AnkiDroid/src/main/java/com/ichi2/anki/dialogs/ExportDialog.java,11.333333333333336,0.6666666666666666,6.8888888888888875,0.2222222222222222,0.08333333333333333,1.3333333333333333,1.7777777777777777,3.888888888888889,0.0,0.0,0.0,0.0,0.0,0.0,0.0,0.0,0.0,0.0,0.0,0.7777777777777778,0.0,0,0,0,0,0,0,0,0
/home/gzhao/performance_bug_prediction/github_data_collection/projects/Anki-Android/AnkiDroid/src/main/java/com/ichi2/anki/dialogs/ImportDialog.java,8.636363636363637,1.0,4.818181818181818,0.2727272727272727,0.08545454545454545,1.0909090909090908,2.363636363636364,3.727272727272727,0.0,0.09090909090909093,0.0,0.0,0.0,0.0,0.18181818181818185,0.0,0.18181818181818185,1.0909090909090908,0.0,2.0,0.0,6,24,0,0,2,0,0,0
/home/gzhao/performance_bug_prediction/github_data_collection/projects/Anki-Android/AnkiDroid/src/main/java/com/ichi2/anki/dialogs/IntegerDialog.java,7.5,0.5,4.5,0.25,0.03,1.25,4.5,5.0,0.0,0.0,0.0,0.0,0.0,0.0,0.0,0.0,0.0,0.0,0.0,1.25,0.0,28,28,1,0,4,1,0,0
/home/gzhao/performance_bug_prediction/github_data_collection/projects/Anki-Android/AnkiDroid/src/main/java/com/ichi2/anki/dialogs/MediaCheckDialog.java,9.833333333333334,0.4166666666666667,6.166666666666668,0.4166666666666667,0.006666666666666667,1.5833333333333333,2.333333333333333,4.083333333333333,0.0,0.0,0.0,0.0,0.0,0.0,0.0,0.0,0.0,0.0,0.0,3.333333333333333,0.0,0,0,0,0,0,0,0,0
/home/gzhao/performance_bug_prediction/github_data_collection/projects/Anki-Android/AnkiDroid/src/main/java/com/ichi2/anki/dialogs/ModelBrowserContextMenu.java,10.0,0.0,7.0,0.0,0.0,1.0,4.0,7.0,0.0,0.0,0.0,0.0,0.0,0.0,0.0,0.0,0.0,0.0,0.0,1.0,0.0,0,0,0,0,0,0,0,0
/home/gzhao/performance_bug_prediction/github_data_collection/projects/Anki-Android/AnkiDroid/src/main/java/com/ichi2/anki/dialogs/ModelEditorContextMenu.java,11.5,0.0,8.5,0.0,0.0,1.0,5.0,7.0,0.0,0.0,0.0,0.0,0.0,0.0,0.0,0.0,0.0,0.0,0.0,1.0,0.0,2,4,0,0,1,0,0,0
/home/gzhao/performance_bug_prediction/github_data_collection/projects/Anki-Android/AnkiDroid/src/main/java/com/ichi2/anki/dialogs/RescheduleDialog.java,10.333333333333334,0.6666666666666666,5.666666666666668,1.0,0.11,2.0,4.0,6.0,0.0,0.0,0.0,0.0,0.0,0.0,0.0,0.0,0.0,0.0,0.0,1.3333333333333333,0.0,13,15,0,0,3,0,0,0
/home/gzhao/performance_bug_prediction/github_data_collection/projects/Anki-Android/AnkiDroid/src/main/java/com/ichi2/anki/dialogs/SimpleMessageDialog.java,5.833333333333332,0.16666666666666666,3.5,0.16666666666666666,0.015,1.0,2.333333333333333,4.333333333333333,0.0,0.0,0.0,0.0,0.0,0.0,0.0,0.0,0.0,0.0,0.0,0.5,0.0,0,0,0,0,0,0,0,0
/home/gzhao/performance_bug_prediction/github_data_collection/projects/Anki-Android/AnkiDroid/src/main/java/com/ichi2/anki/dialogs/SyncErrorDialog.java,10.875,1.5,4.75,0.3125,0.129375,1.875,4.0625,3.5625,0.0,0.0,0.0,0.0,0.0,0.0,0.0,0.0,0.0,0.0,0.0,1.5625,0.0,0,0,0,0,0,0,0,0
/home/gzhao/performance_bug_prediction/github_data_collection/projects/Anki-Android/AnkiDroid/src/main/java/com/ichi2/anki/dialogs/TagsDialog.java,14.9375,0.125,11.125,0.8125,0.011875,1.75,5.0,7.25,0.25,0.125,0.0,0.0,0.0,0.0,0.0,0.0,0.0625,0.0,0.0,4.25,0.0,17,17,1,0,2,1,0,0
/home/gzhao/performance_bug_prediction/github_data_collection/projects/Anki-Android/AnkiDroid/src/main/java/com/ichi2/anki/exception/DeckRenameException.java,10.0,0.0,5.0,1.0,0.0,3.0,5.0,2.0,0.0,0.0,0.0,0.0,0.0,0.0,0.0,0.0,0.0,0.0,0.0,0.0,0.0,0,0,0,0,0,0,0,0
/home/gzhao/performance_bug_prediction/github_data_collection/projects/Anki-Android/AnkiDroid/src/main/java/com/ichi2/anki/exception/UnknownHttpResponseException.java,3.0,0.0,2.0,0.0,0.0,1.0,3.0,1.0,0.0,0.0,0.0,0.0,0.0,0.0,0.0,0.0,0.0,0.0,0.0,0.0,0.0,0,0,0,0,0,0,0,0
/home/gzhao/performance_bug_prediction/github_data_collection/projects/Anki-Android/AnkiDroid/src/main/java/com/ichi2/anki/multimediacard/AudioView.java,6.066666666666666,0.3333333333333333,4.0,0.5333333333333333,0.04133333333333333,1.6666666666666667,4.4,2.0,0.0,0.0,0.0,0.0,0.0,0.0,0.0,0.0,0.0,0.06666666666666668,0.0,1.0,0.0,12,11,0,0,1,1,0,0
/home/gzhao/performance_bug_prediction/github_data_collection/projects/Anki-Android/AnkiDroid/src/main/java/com/ichi2/anki/multimediacard/IMultimediaEditableNote.java,1.0,0.0,1.0,0.0,0.0,0.0,1.0,1.0,0.0,0.0,0.0,0.0,0.0,0.0,0.0,0.0,0.0,0.0,0.0,0.25,0.0,0,0,0,0,0,0,0,0
/home/gzhao/performance_bug_prediction/github_data_collection/projects/Anki-Android/AnkiDroid/src/main/java/com/ichi2/anki/multimediacard/activity/LoadPronounciationActivity.java,6.333333333333332,0.9523809523809524,5.0,0.14285714285714285,0.3133333333333333,1.2380952380952381,2.9047619047619047,3.523809523809524,0.0,0.0,0.0,0.0,0.0,0.0,0.0,0.0,0.0,0.2857142857142857,0.0,0.7619047619047619,0.0,2,2,0,0,1,0,0,0
/home/gzhao/performance_bug_prediction/github_data_collection/projects/Anki-Android/AnkiDroid/src/main/java/com/ichi2/anki/multimediacard/activity/MultimediaEditFieldActivity.java,9.322580645161286,0.3548387096774194,6.67741935483871,0.6451612903225806,0.03258064516129032,2.2903225806451615,3.838709677419355,4.258064516129032,0.0,0.0,0.0,0.0,0.0,0.0,0.0,0.0,0.0,0.06451612903225806,0.0,0.41935483870967744,0.0,59,247,2,0,4,2,0,0
/home/gzhao/performance_bug_prediction/github_data_collection/projects/Anki-Android/AnkiDroid/src/main/java/com/ichi2/anki/multimediacard/activity/PickStringDialogFragment.java,4.25,0.25,3.0,0.0,0.03,1.0,3.75,2.0,0.0,0.0,0.0,0.0,0.0,0.0,0.0,0.0,0.0,0.0,0.0,2.0,0.0,0,0,0,0,0,0,0,0
/home/gzhao/performance_bug_prediction/github_data_collection/projects/Anki-Android/AnkiDroid/src/main/java/com/ichi2/anki/multimediacard/activity/TranslationActivity.java,8.294117647058824,0.35294117647058826,6.411764705882352,0.4705882352941176,0.02235294117647059,2.117647058823529,2.4705882352941178,4.0588235294117645,0.5294117647058824,0.05882352941176471,0.05882352941176471,0.0,0.0,0.0,0.0,0.0,0.05882352941176471,0.0,0.0,0.6470588235294118,0.0,2,2,0,0,1,0,0,0
/home/gzhao/performance_bug_prediction/github_data_collection/projects/Anki-Android/AnkiDroid/src/main/java/com/ichi2/anki/multimediacard/beolingus/parsing/BeolingusParser.java,10.0,8.0,7.5,1.5,0.8,2.5,3.5,6.0,0.5,0.0,0.0,0.0,0.0,0.0,0.0,0.0,0.0,0.0,0.0,0.0,0.0,4,9,1,0,2,1,0,0
/home/gzhao/performance_bug_prediction/github_data_collection/projects/Anki-Android/AnkiDroid/src/main/java/com/ichi2/anki/multimediacard/fields/AudioClipField.java,2.833333333333333,0.16666666666666666,1.8333333333333333,0.0,0.08333333333333333,1.0,0.3333333333333333,0.8333333333333334,0.0,0.0,0.0,0.0,0.0,0.0,0.0,0.0,0.0,0.0,0.0,0.3333333333333333,0.0,0,0,0,0,0,0,0,0
/home/gzhao/performance_bug_prediction/github_data_collection/projects/Anki-Android/AnkiDroid/src/main/java/com/ichi2/anki/multimediacard/fields/AudioField.java,3.2352941176470584,0.0,2.411764705882353,0.17647058823529413,0.0,0.8235294117647058,0.4705882352941176,1.5882352941176472,0.0,0.0,0.0,0.0,0.0,0.0,0.0,0.0,0.0,0.2352941176470588,0.0,0.6470588235294118,0.0,0,0,0,0,0,0,0,0
/home/gzhao/performance_bug_prediction/github_data_collection/projects/Anki-Android/AnkiDroid/src/main/java/com/ichi2/anki/multimediacard/fields/AudioRecordingField.java,3.0,0.0,2.0,0.0,0.0,1.0,0.8333333333333334,1.1666666666666667,0.0,0.0,0.0,0.0,0.0,0.0,0.0,0.0,0.0,0.0,0.0,0.3333333333333333,0.0,0,0,0,0,0,0,0,0
/home/gzhao/performance_bug_prediction/github_data_collection/projects/Anki-Android/AnkiDroid/src/main/java/com/ichi2/anki/multimediacard/fields/BasicAudioClipFieldController.java,6.5,1.25,5.5,0.25,0.7725,1.25,2.0,3.0,0.0,0.0,0.0,0.0,0.0,0.0,0.0,0.0,0.0,0.0,0.0,2.25,0.0,65,52,2,0,5,2,0,0
/home/gzhao/performance_bug_prediction/github_data_collection/projects/Anki-Android/AnkiDroid/src/main/java/com/ichi2/anki/multimediacard/fields/BasicAudioRecordingFieldController.java,3.0,0.6,1.8,0.0,0.2,1.0,1.0,1.2,0.0,0.0,0.0,0.0,0.0,0.0,0.0,0.0,0.0,0.0,0.0,0.4,0.0,0,0,0,0,0,0,0,0
/home/gzhao/performance_bug_prediction/github_data_collection/projects/Anki-Android/AnkiDroid/src/main/java/com/ichi2/anki/multimediacard/fields/BasicControllerFactory.java,9.5,0.0,5.5,0.5,0.0,3.0,3.0,2.0,0.0,0.0,0.0,0.0,0.0,0.0,0.0,0.0,0.0,0.0,0.0,0.0,0.0,0,0,0,0,0,0,0,0
/home/gzhao/performance_bug_prediction/github_data_collection/projects/Anki-Android/AnkiDroid/src/main/java/com/ichi2/anki/multimediacard/fields/BasicImageFieldController.java,12.0,0.7692307692307693,9.307692307692307,0.4615384615384616,0.09384615384615384,1.7692307692307692,4.230769230769232,5.615384615384616,0.0,0.0,0.0,0.0,0.0,0.0,0.0,0.0,0.0,2.0769230769230766,0.0,2.6923076923076925,0.0,76,146,3,0,9,3,0,0
/home/gzhao/performance_bug_prediction/github_data_collection/projects/Anki-Android/AnkiDroid/src/main/java/com/ichi2/anki/multimediacard/fields/BasicTextFieldController.java,9.538461538461537,2.0,7.8461538461538485,0.2307692307692308,0.2584615384615385,1.0769230769230769,4.461538461538462,3.6153846153846163,0.0,0.0,0.0,0.0,0.0,0.0,0.0,0.0,0.0,0.0,0.0,1.6153846153846154,0.0,7,7,0,0,2,0,0,0
/home/gzhao/performance_bug_prediction/github_data_collection/projects/Anki-Android/AnkiDroid/src/main/java/com/ichi2/anki/multimediacard/fields/EFieldType.java,0.0,0.0,0.0,0.0,0.0,1.0,0.0,1.0,0.0,0.0,0.0,0.0,0.0,0.0,0.0,0.0,0.0,0.0,0.0,0.0,0.0,0,0,0,0,0,0,0,0
/home/gzhao/performance_bug_prediction/github_data_collection/projects/Anki-Android/AnkiDroid/src/main/java/com/ichi2/anki/multimediacard/fields/FieldBase.java,3.0,0.0,2.0,0.0,0.0,1.0,3.5,1.0,0.0,0.0,0.0,0.0,0.0,0.0,0.0,0.0,0.0,0.0,0.0,0.5,0.0,0,0,0,0,0,0,0,0
/home/gzhao/performance_bug_prediction/github_data_collection/projects/Anki-Android/AnkiDroid/src/main/java/com/ichi2/anki/multimediacard/fields/FieldControllerBase.java,2.75,0.0,2.0,0.0,0.0,1.0,1.0,1.0,0.0,0.0,0.0,0.0,0.0,0.0,0.0,0.0,0.0,0.0,0.0,1.0,0.0,0,0,0,0,0,0,0,0
/home/gzhao/performance_bug_prediction/github_data_collection/projects/Anki-Android/AnkiDroid/src/main/java/com/ichi2/anki/multimediacard/fields/IControllerFactory.java,1.0,0.0,1.0,0.0,0.0,0.0,1.0,1.0,0.0,0.0,0.0,0.0,0.0,0.0,0.0,0.0,0.0,0.0,0.0,0.0,0.0,0,0,0,0,0,0,0,0
/home/gzhao/performance_bug_prediction/github_data_collection/projects/Anki-Android/AnkiDroid/src/main/java/com/ichi2/anki/multimediacard/fields/IField.java,1.0,0.9411764705882352,1.0,0.0,0.9411764705882352,0.0,2.117647058823529,0.8235294117647058,0.0,0.0,0.0,0.0,0.0,0.0,0.0,0.0,0.0,0.0,0.0,0.5294117647058824,0.0,0,0,0,0,0,0,0,0
/home/gzhao/performance_bug_prediction/github_data_collection/projects/Anki-Android/AnkiDroid/src/main/java/com/ichi2/anki/multimediacard/fields/IFieldController.java,1.0,0.0,1.0,0.0,0.0,0.0,1.0,0.0,0.0,0.0,0.0,0.0,0.0,0.0,0.0,0.0,0.0,0.0,0.0,0.375,0.0,0,0,0,0,0,0,0,0
/home/gzhao/performance_bug_prediction/github_data_collection/projects/Anki-Android/AnkiDroid/src/main/java/com/ichi2/anki/multimediacard/fields/ImageField.java,3.4444444444444446,0.0,2.3888888888888893,0.05555555555555555,0.0,1.0555555555555556,0.7777777777777778,1.5555555555555556,0.0,0.0,0.0,0.0,0.0,0.0,0.0,0.0,0.0,0.16666666666666666,0.0,0.6666666666666666,0.0,18,54,2,0,4,2,0,0
/home/gzhao/performance_bug_prediction/github_data_collection/projects/Anki-Android/AnkiDroid/src/main/java/com/ichi2/anki/multimediacard/fields/TextField.java,3.0588235294117645,0.05882352941176471,2.0588235294117645,0.0,0.01941176470588236,1.0,0.5882352941176471,1.1764705882352942,0.0,0.0,0.0,0.0,0.0,0.0,0.0,0.0,0.0,0.0,0.0,0.5882352941176471,0.0,0,0,0,0,0,0,0,0
/home/gzhao/performance_bug_prediction/github_data_collection/projects/Anki-Android/AnkiDroid/src/main/java/com/ichi2/anki/multimediacard/glosbe/json/Meaning.java,3.0,0.0,2.0,0.0,0.0,1.0,1.5,1.0,0.0,0.0,0.0,0.0,0.0,0.0,0.0,0.0,0.0,0.0,0.0,0.5,0.0,0,0,0,0,0,0,0,0
/home/gzhao/performance_bug_prediction/github_data_collection/projects/Anki-Android/AnkiDroid/src/main/java/com/ichi2/anki/multimediacard/glosbe/json/Phrase.java,3.0,0.0,2.0,0.0,0.0,1.0,1.5,1.0,0.0,0.0,0.0,0.0,0.0,0.0,0.0,0.0,0.0,0.0,0.0,0.5,0.0,0,0,0,0,0,0,0,0
/home/gzhao/performance_bug_prediction/github_data_collection/projects/Anki-Android/AnkiDroid/src/main/java/com/ichi2/anki/multimediacard/glosbe/json/Response.java,3.0,0.0,2.0,0.0,0.0,1.0,1.2,1.0,0.0,0.0,0.0,0.0,0.0,0.0,0.0,0.0,0.0,0.0,0.0,0.7,0.0,0,0,0,0,0,0,0,0
/home/gzhao/performance_bug_prediction/github_data_collection/projects/Anki-Android/AnkiDroid/src/main/java/com/ichi2/anki/multimediacard/glosbe/json/Tuc.java,3.0,0.0,2.0,0.0,0.0,1.0,1.25,1.0,0.0,0.0,0.0,0.0,0.0,0.0,0.0,0.0,0.0,0.0,0.0,1.0,0.0,0,0,0,0,0,0,0,0
/home/gzhao/performance_bug_prediction/github_data_collection/projects/Anki-Android/AnkiDroid/src/main/java/com/ichi2/anki/multimediacard/impl/MultimediaEditableNote.java,5.222222222222221,0.1111111111111111,3.6666666666666665,0.6666666666666666,0.007777777777777778,1.6666666666666667,3.0,2.5555555555555562,0.0,0.0,0.0,0.0,0.0,0.0,0.0,0.0,0.0,0.0,0.0,0.8888888888888888,0.0,0,0,0,0,0,0,0,0
/home/gzhao/performance_bug_prediction/github_data_collection/projects/Anki-Android/AnkiDroid/src/main/java/com/ichi2/anki/multimediacard/language/LanguageListerBase.java,4.666666666666667,1.3333333333333333,3.333333333333333,0.3333333333333333,0.44333333333333336,1.3333333333333333,4.333333333333333,2.333333333333333,0.0,0.0,0.0,0.0,0.0,0.0,0.0,0.0,0.0,0.0,0.0,3.6666666666666665,0.0,0,0,0,0,0,0,0,0
/home/gzhao/performance_bug_prediction/github_data_collection/projects/Anki-Android/AnkiDroid/src/main/java/com/ichi2/anki/multimediacard/language/LanguagesListerGlosbe.java,11.0,5.0,9.0,2.0,0.45,3.0,4.0,7.0,0.0,1.0,0.0,0.0,0.0,0.0,0.0,0.0,1.0,0.0,0.0,3.0,0.0,0,0,0,0,0,0,0,0
/home/gzhao/performance_bug_prediction/github_data_collection/projects/Anki-Android/AnkiDroid/src/main/java/com/ichi2/anki/provider/CardContentProvider.java,13.45,0.95,10.1,0.95,0.065,3.85,6.95,6.95,1.0,0.0,0.1,0.0,0.0,0.0,0.05,0.0,0.2,0.15,0.1,1.5,0.0,25,21,0,0,4,0,0,0
/home/gzhao/performance_bug_prediction/github_data_collection/projects/Anki-Android/AnkiDroid/src/main/java/com/ichi2/anki/reviewer/ActionButtonStatus.java,7.7142857142857135,1.4285714285714286,5.857142857142858,0.7142857142857143,0.07571428571428572,1.7142857142857142,4.714285714285714,3.571428571428572,0.42857142857142855,0.0,0.0,0.0,0.2857142857142857,0.0,0.0,0.0,0.8571428571428571,0.0,0.0,3.2857142857142856,0.0,39,71,0,0,7,0,0,1
/home/gzhao/performance_bug_prediction/github_data_collection/projects/Anki-Android/AnkiDroid/src/main/java/com/ichi2/anki/reviewer/ActionButtons.java,5.833333333333332,2.833333333333333,4.166666666666667,0.5,0.43333333333333335,1.6666666666666667,3.0,2.1666666666666665,0.0,0.0,0.0,0.0,0.0,0.0,0.0,0.0,0.0,0.0,0.0,0.6666666666666666,0.0,2,66,0,0,1,0,0,0
/home/gzhao/performance_bug_prediction/github_data_collection/projects/Anki-Android/AnkiDroid/src/main/java/com/ichi2/anki/reviewer/CardMarker.java,10.666666666666666,1.0,6.666666666666668,0.6666666666666666,0.14,3.0,6.0,2.0,0.0,0.0,0.0,0.0,0.0,0.0,0.0,0.0,0.0,0.0,0.0,3.6666666666666665,0.0,4,12,0,0,2,0,0,0
/home/gzhao/performance_bug_prediction/github_data_collection/projects/Anki-Android/AnkiDroid/src/main/java/com/ichi2/anki/reviewer/PeripheralCommand.java,5.0,0.0,4.111111111111111,0.0,0.0,1.0,5.5555555555555545,1.5555555555555556,0.0,0.0,0.0,0.0,0.0,0.0,0.0,0.0,0.0,0.0,0.0,0.2222222222222222,0.0,0,0,0,0,0,0,0,0
/home/gzhao/performance_bug_prediction/github_data_collection/projects/Anki-Android/AnkiDroid/src/main/java/com/ichi2/anki/reviewer/PeripheralKeymap.java,12.2,1.0,8.2,1.4,0.066,3.6,4.2,4.0,0.4,0.4,0.0,0.0,0.0,0.0,0.0,0.0,0.4,0.0,0.0,2.4,0.0,67,83,0,0,1,0,0,0
/home/gzhao/performance_bug_prediction/github_data_collection/projects/Anki-Android/AnkiDroid/src/main/java/com/ichi2/anki/reviewer/ReviewerCustomFonts.java,12.4,5.4,7.8,2.0,0.478,3.0,3.2,5.6,0.0,0.0,0.0,0.0,0.0,0.0,0.0,0.0,0.2,0.0,0.0,2.2,0.0,0,0,0,0,0,0,0,0
/home/gzhao/performance_bug_prediction/github_data_collection/projects/Anki-Android/AnkiDroid/src/main/java/com/ichi2/anki/reviewer/ReviewerUi.java,0.75,0.0,0.75,0.0,0.0,0.25,0.75,1.0,0.0,0.0,0.0,0.0,1.0,0.0,0.0,0.0,0.0,0.0,0.0,0.0,0.0,2,2,0,0,1,0,0,0
/home/gzhao/performance_bug_prediction/github_data_collection/projects/Anki-Android/AnkiDroid/src/main/java/com/ichi2/anki/runtimetools/TaskOperations.java,7.0,3.0,4.0,2.0,0.43,3.0,4.0,2.0,0.0,0.0,0.0,0.0,0.0,0.0,0.0,0.0,0.0,0.0,0.0,0.0,0.0,0,0,0,0,0,0,0,0
/home/gzhao/performance_bug_prediction/github_data_collection/projects/Anki-Android/AnkiDroid/src/main/java/com/ichi2/anki/servicelayer/NoteService.java,10.5,8.5,9.0,1.5,1.0875,3.25,3.75,4.25,0.75,0.25,0.0,0.0,0.0,0.0,0.0,0.0,0.5,0.0,0.0,1.5,0.0,19,22,0,0,1,0,0,0
/home/gzhao/performance_bug_prediction/github_data_collection/projects/Anki-Android/AnkiDroid/src/main/java/com/ichi2/anki/services/BootService.java,14.8,0.4,9.0,1.0,0.02,2.6,5.6,8.6,0.6,0.0,0.0,0.0,0.0,0.0,0.0,0.0,1.8,0.0,0.0,2.8,0.0,52,90,3,0,7,3,0,0
/home/gzhao/performance_bug_prediction/github_data_collection/projects/Anki-Android/AnkiDroid/src/main/java/com/ichi2/anki/services/NotificationService.java,33.0,7.0,19.0,2.0,0.21,4.0,10.0,25.0,0.0,0.0,0.0,0.0,0.0,0.0,0.0,0.0,0.0,0.0,0.0,9.0,0.0,9,10,0,0,3,0,0,0
/home/gzhao/performance_bug_prediction/github_data_collection/projects/Anki-Android/AnkiDroid/src/main/java/com/ichi2/anki/services/ReminderService.java,24.5,0.0,9.0,0.5,0.0,3.0,7.5,15.5,0.0,0.0,0.0,0.0,0.0,0.0,0.0,0.0,0.0,0.0,0.0,4.5,0.0,25,54,0,0,3,0,0,0
/home/gzhao/performance_bug_prediction/github_data_collection/projects/Anki-Android/AnkiDroid/src/main/java/com/ichi2/anki/stats/AnkiStatsTaskHandler.java,7.625,0.4375,5.375,0.5,0.02,1.375,3.1875,3.4375,0.0,0.0,0.0,0.0,0.75,0.0,0.0,0.0,0.0,0.0,0.0625,0.875,0.0,2,2,0,0,1,0,0,0
/home/gzhao/performance_bug_prediction/github_data_collection/projects/Anki-Android/AnkiDroid/src/main/java/com/ichi2/anki/stats/ChartBuilder.java,27.09090909090909,1.7272727272727273,20.90909090909091,1.4545454545454546,0.05909090909090909,5.2727272727272725,10.181818181818182,11.909090909090908,0.5454545454545454,0.0,0.0,0.0,0.0,0.0,0.0,0.0,0.5454545454545454,0.0,0.0,5.363636363636363,0.0,0,0,0,0,0,0,0,0
/home/gzhao/performance_bug_prediction/github_data_collection/projects/Anki-Android/AnkiDroid/src/main/java/com/ichi2/anki/stats/ChartView.java,7.75,0.5,5.5,0.75,0.03,1.75,3.25,3.0,0.0,0.0,0.0,0.0,0.0,0.0,0.0,0.0,0.0,0.0,0.0,0.75,0.0,0,0,0,0,0,0,0,0
/home/gzhao/performance_bug_prediction/github_data_collection/projects/Anki-Android/AnkiDroid/src/main/java/com/ichi2/anki/stats/OverviewStatsBuilder.java,20.375,1.25,16.125,0.625,0.03125,2.625,7.875,7.0,0.0,0.0,0.0,0.0,0.0,0.0,0.0,0.0,0.0,0.0,0.125,0.75,0.0,7,8,0,0,2,0,0,0
/home/gzhao/performance_bug_prediction/github_data_collection/projects/Anki-Android/AnkiDroid/src/main/java/com/ichi2/anki/stats/StatsMetaInfo.java,3.0,0.0,2.0,0.0,0.0,1.0,2.0,1.0,0.0,0.0,0.0,0.0,0.0,0.0,0.0,0.0,0.0,0.0,0.0,0.5714285714285714,0.0,0,0,0,0,0,0,0,0
/home/gzhao/performance_bug_prediction/github_data_collection/projects/Anki-Android/AnkiDroid/src/main/java/com/ichi2/anki/web/CustomSyncServer.java,3.2,0.4,2.2,0.0,0.1,1.0,3.2,2.2,0.0,0.0,0.0,0.0,0.0,0.0,0.0,0.0,0.0,0.0,0.0,0.2,0.0,8,6,0,0,2,0,0,0
/home/gzhao/performance_bug_prediction/github_data_collection/projects/Anki-Android/AnkiDroid/src/main/java/com/ichi2/anki/web/HostNumFactory.java,3.0,0.0,2.0,0.0,0.0,1.0,5.0,3.0,0.0,0.0,0.0,0.0,0.0,0.0,0.0,0.0,0.0,0.0,0.0,0.0,0.0,0,0,0,0,0,0,0,0
/home/gzhao/performance_bug_prediction/github_data_collection/projects/Anki-Android/AnkiDroid/src/main/java/com/ichi2/anki/web/HttpFetcher.java,5.0,0.0,3.5,0.5,0.0,1.5,3.0,2.5,0.0,0.0,0.0,0.0,0.0,0.0,0.0,0.0,0.0,2.0,0.0,0.0,0.0,60,68,0,0,1,0,0,0
/home/gzhao/performance_bug_prediction/github_data_collection/projects/Anki-Android/AnkiDroid/src/main/java/com/ichi2/anki/web/PreferenceBackedHostNum.java,4.6,0.2,3.2,0.2,0.066,1.2,1.6,3.0,0.0,0.0,0.0,0.0,0.0,0.0,0.0,0.0,0.0,0.0,0.0,0.8,0.0,15,45,0,0,1,0,0,0
/home/gzhao/performance_bug_prediction/github_data_collection/projects/Anki-Android/AnkiDroid/src/main/java/com/ichi2/anki/widgets/DeckAdapter.java,9.285714285714286,1.9285714285714288,7.142857142857142,0.5,0.11,2.2857142857142856,5.857142857142858,5.071428571428571,0.35714285714285715,0.0,0.07142857142857142,0.0,0.0,0.0,0.0,0.0,0.21428571428571427,0.0,0.0,3.7857142857142856,0.0,0,0,0,0,0,0,0,0
/home/gzhao/performance_bug_prediction/github_data_collection/projects/Anki-Android/AnkiDroid/src/main/java/com/ichi2/anki/widgets/DeckDropDownAdapter.java,9.833333333333334,0.0,7.333333333333332,0.5,0.0,1.6666666666666667,2.833333333333333,5.166666666666667,0.0,0.0,0.0,0.0,0.0,0.0,0.0,0.0,0.0,0.0,0.0,1.5,0.0,19,11,0,0,2,0,0,0
/home/gzhao/performance_bug_prediction/github_data_collection/projects/Anki-Android/AnkiDroid/src/main/java/com/ichi2/anki/widgets/FabBehavior.java,8.666666666666666,0.0,7.0,1.3333333333333333,0.0,2.333333333333333,3.0,5.333333333333333,0.3333333333333333,0.0,0.0,0.0,0.0,0.0,0.0,0.0,0.0,0.0,0.0,1.0,0.0,0,0,0,0,0,0,0,0
/home/gzhao/performance_bug_prediction/github_data_collection/projects/Anki-Android/AnkiDroid/src/main/java/com/ichi2/anki/workarounds/FirefoxSnackbarWorkaround.java,11.0,1.0,8.0,1.0,0.09,3.0,3.0,5.0,0.0,0.0,0.0,0.0,0.0,0.0,0.0,0.0,0.0,0.0,0.0,0.0,0.0,0,0,0,0,0,0,0,0
/home/gzhao/performance_bug_prediction/github_data_collection/projects/Anki-Android/AnkiDroid/src/main/java/com/ichi2/async/BaseAsyncTask.java,7.0,0.0,5.0,1.0,0.0,2.0,3.6,3.0,0.0,0.0,0.0,0.0,0.0,2.0,0.0,0.0,0.0,0.0,0.0,0.0,0.0,20,1,0,0,1,0,0,0
/home/gzhao/performance_bug_prediction/github_data_collection/projects/Anki-Android/AnkiDroid/src/main/java/com/ichi2/async/CollectionLoader.java,3.6666666666666665,0.0,2.6666666666666665,0.3333333333333333,0.0,1.0,2.333333333333333,2.333333333333333,0.0,0.0,0.0,0.0,0.0,0.0,0.0,0.0,0.0,0.0,0.0,2.0,0.0,0,0,0,0,0,0,0,0
/home/gzhao/performance_bug_prediction/github_data_collection/projects/Anki-Android/AnkiDroid/src/main/java/com/ichi2/async/CollectionTask.java,5.411764705882354,1.4313725490196083,4.2745098039215685,0.2549019607843137,0.6170588235294118,1.2352941176470589,4.450980392156863,3.5490196078431366,0.0392156862745098,0.0,0.0,0.0,0.0,0.0,0.0,0.0,0.0392156862745098,0.0,0.0196078431372549,2.588235294117647,0.0,88,104,1,0,23,1,0,0
/home/gzhao/performance_bug_prediction/github_data_collection/projects/Anki-Android/AnkiDroid/src/main/java/com/ichi2/async/Connection.java,5.173913043478262,0.13043478260869565,3.217391304347826,0.3478260869565217,0.014782608695652172,1.3043478260869563,2.608695652173913,2.0,0.0,0.0,0.0,0.0,0.21739130434782608,0.0,0.0,0.0,0.0,0.0,1.173913043478261,0.6521739130434783,0.0,61,62,3,0,8,3,0,0
/home/gzhao/performance_bug_prediction/github_data_collection/projects/Anki-Android/AnkiDroid/src/main/java/com/ichi2/compat/Compat.java,1.0,0.09523809523809523,1.0,0.0,0.09523809523809523,0.0,1.2380952380952381,0.5238095238095238,0.0,0.0,0.0,0.0,0.0,0.0,0.0,0.0,0.0,0.14285714285714285,0.0,0.42857142857142855,0.0,13,2,0,0,1,0,0,0
/home/gzhao/performance_bug_prediction/github_data_collection/projects/Anki-Android/AnkiDroid/src/main/java/com/ichi2/compat/CompatHelper.java,3.4444444444444446,0.6666666666666666,2.2222222222222223,0.1111111111111111,0.22111111111111115,1.1111111111111112,5.777777777777778,2.0,0.0,0.0,0.0,0.0,0.0,0.0,0.0,0.0,0.0,0.0,0.0,0.4444444444444444,0.0,39,14,0,0,6,0,0,0
/home/gzhao/performance_bug_prediction/github_data_collection/projects/Anki-Android/AnkiDroid/src/main/java/com/ichi2/compat/CompatV16.java,3.3684210526315788,0.2631578947368421,2.894736842105264,0.15789473684210525,0.16736842105263156,1.1578947368421053,1.368421052631579,2.1052631578947367,0.0,0.0,0.0,0.0,0.10526315789473684,0.0,0.05263157894736842,0.0,0.0,0.10526315789473684,0.0,0.8947368421052632,0.0,68,167,0,0,1,0,0,0
/home/gzhao/performance_bug_prediction/github_data_collection/projects/Anki-Android/AnkiDroid/src/main/java/com/ichi2/compat/CompatV17.java,3.0,0.0,2.0,0.0,0.0,1.0,2.0,1.0,0.0,0.0,0.0,0.0,0.0,0.0,0.0,0.0,0.0,0.0,0.0,5.0,0.0,0,0,0,0,0,0,0,0
/home/gzhao/performance_bug_prediction/github_data_collection/projects/Anki-Android/AnkiDroid/src/main/java/com/ichi2/compat/CompatV18.java,1.0,0.0,2.0,0.0,0.0,1.0,1.0,2.0,0.0,0.0,0.0,0.0,0.0,0.0,0.0,0.0,0.0,0.0,0.0,0.0,0.0,3,1,0,0,1,0,0,0
/home/gzhao/performance_bug_prediction/github_data_collection/projects/Anki-Android/AnkiDroid/src/main/java/com/ichi2/compat/CompatV19.java,14.333333333333336,1.1666666666666667,8.833333333333334,0.3333333333333333,0.035,1.6666666666666667,2.1666666666666665,4.833333333333333,0.0,0.0,0.0,0.0,0.0,0.0,0.0,0.0,0.0,0.0,0.0,2.1666666666666665,0.0,0,0,0,0,0,0,0,0
/home/gzhao/performance_bug_prediction/github_data_collection/projects/Anki-Android/AnkiDroid/src/main/java/com/ichi2/compat/CompatV21.java,3.1666666666666665,0.16666666666666666,2.333333333333333,0.0,0.028333333333333325,1.0,1.3333333333333333,1.8333333333333333,0.0,0.0,0.0,0.0,0.0,0.0,0.0,0.0,0.0,0.0,0.0,1.0,0.0,0,0,0,0,0,0,0,0
/home/gzhao/performance_bug_prediction/github_data_collection/projects/Anki-Android/AnkiDroid/src/main/java/com/ichi2/compat/CompatV23.java,2.0,0.0,2.333333333333333,0.0,0.0,1.0,1.6666666666666667,2.0,0.0,0.0,0.0,0.0,0.0,0.0,0.0,0.0,0.0,0.0,0.0,1.0,0.0,0,0,0,0,0,0,0,0
/home/gzhao/performance_bug_prediction/github_data_collection/projects/Anki-Android/AnkiDroid/src/main/java/com/ichi2/compat/CompatV24.java,3.0,0.0,2.0,0.0,0.0,1.0,2.0,2.0,0.0,0.0,0.0,0.0,0.0,0.0,0.0,0.0,0.0,0.0,0.0,0.0,0.0,0,0,0,0,0,0,0,0
/home/gzhao/performance_bug_prediction/github_data_collection/projects/Anki-Android/AnkiDroid/src/main/java/com/ichi2/compat/CompatV26.java,4.8,2.2,3.6,0.2,0.276,1.2,3.6,3.2,0.0,0.0,0.0,0.0,0.2,0.0,0.0,0.0,0.0,1.2,0.0,0.6,0.0,0,0,0,0,0,0,0,0
/home/gzhao/performance_bug_prediction/github_data_collection/projects/Anki-Android/AnkiDroid/src/main/java/com/ichi2/compat/CompatV28.java,3.0,0.0,2.0,0.0,0.0,1.0,1.0,2.0,0.0,0.0,0.0,0.0,0.0,0.0,0.0,0.0,0.0,0.0,0.0,0.0,0.0,0,0,0,0,0,0,0,0
/home/gzhao/performance_bug_prediction/github_data_collection/projects/Anki-Android/AnkiDroid/src/main/java/com/ichi2/compat/customtabs/CustomTabActivityHelper.java,4.875,2.625,4.25,0.375,0.9825,1.5,2.25,2.375,0.0,0.0,0.0,0.0,0.0,0.0,0.0,0.0,0.0,0.0,0.0,0.25,0.0,19,58,1,0,3,1,0,0
/home/gzhao/performance_bug_prediction/github_data_collection/projects/Anki-Android/AnkiDroid/src/main/java/com/ichi2/compat/customtabs/CustomTabsFallback.java,4.0,0.0,3.0,0.0,0.0,1.0,3.0,1.0,0.0,0.0,0.0,0.0,0.0,0.0,0.0,0.0,0.0,0.0,0.0,0.0,0.0,0,0,0,0,0,0,0,0
/home/gzhao/performance_bug_prediction/github_data_collection/projects/Anki-Android/AnkiDroid/src/main/java/com/ichi2/compat/customtabs/CustomTabsHelper.java,15.333333333333336,6.0,12.666666666666664,0.6666666666666666,0.4633333333333334,4.666666666666667,6.0,6.666666666666668,0.3333333333333333,0.0,0.0,0.0,0.0,0.0,0.0,0.0,0.6666666666666666,0.0,0.0,2.0,0.0,7,1,0,0,1,0,0,0
/home/gzhao/performance_bug_prediction/github_data_collection/projects/Anki-Android/AnkiDroid/src/main/java/com/ichi2/compat/customtabs/KeepAliveService.java,3.0,0.0,2.0,0.0,0.0,1.0,1.0,1.0,0.0,0.0,0.0,0.0,0.0,0.0,0.0,0.0,0.0,0.0,0.0,0.0,0.0,0,0,0,0,0,0,0,0
/home/gzhao/performance_bug_prediction/github_data_collection/projects/Anki-Android/AnkiDroid/src/main/java/com/ichi2/compat/customtabs/ServiceConnection.java,4.0,0.0,4.0,1.0,0.0,2.0,1.5,2.0,0.0,0.0,0.0,0.0,0.0,0.0,0.0,0.0,0.0,0.0,5.0,0.0,0.0,0,0,0,0,0,0,0,0
/home/gzhao/performance_bug_prediction/github_data_collection/projects/Anki-Android/AnkiDroid/src/main/java/com/ichi2/compat/customtabs/ServiceConnectionCallback.java,1.0,3.5,1.0,0.0,3.5,0.0,1.0,0.0,0.0,0.0,0.0,0.0,0.0,0.0,0.0,0.0,0.0,0.0,1.0,0.0,0.0,0,0,0,0,0,0,0,0
/home/gzhao/performance_bug_prediction/github_data_collection/projects/Anki-Android/AnkiDroid/src/main/java/com/ichi2/libanki/AnkiPackageExporter.java,15.4,3.733333333333333,12.4,0.8,0.3166666666666666,3.333333333333333,4.133333333333334,7.333333333333332,0.8,0.4666666666666667,0.13333333333333333,0.0,0.0,0.0,0.5333333333333333,0.0,0.06666666666666668,1.7333333333333334,0.4666666666666667,1.7333333333333334,0.0,40,52,2,0,9,2,0,1
/home/gzhao/performance_bug_prediction/github_data_collection/projects/Anki-Android/AnkiDroid/src/main/java/com/ichi2/libanki/Card.java,4.76056338028169,0.4788732394366197,3.267605633802817,0.15492957746478872,0.1143661971830986,1.2112676056338028,7.619718309859155,2.7464788732394365,0.0,0.0,0.0,0.0,0.0,0.0,0.0,0.0,0.0,0.0,0.014084507042253518,0.5633802816901409,0.0,76,36,2,0,7,2,0,0
/home/gzhao/performance_bug_prediction/github_data_collection/projects/Anki-Android/AnkiDroid/src/main/java/com/ichi2/libanki/CardStats.java,36.0,58.0,29.0,3.0,1.61,5.0,7.0,19.0,0.0,0.0,0.0,0.0,0.0,0.0,0.0,0.0,0.0,0.0,0.0,5.0,0.0,3,3,0,0,1,0,0,0
/home/gzhao/performance_bug_prediction/github_data_collection/projects/Anki-Android/AnkiDroid/src/main/java/com/ichi2/libanki/Collection.java,8.293233082706767,1.7293233082706767,6.2180451127819545,0.4812030075187971,0.32894736842105265,1.9774436090225564,8.962406015037594,4.1729323308270665,0.10526315789473684,0.045112781954887216,0.0,0.0,0.022556390977443608,0.015037593984962403,0.0,0.0075187969924812035,0.09774436090225563,0.0075187969924812035,0.20300751879699247,2.0977443609022557,0.0,689,893,7,0,44,7,0,1
/home/gzhao/performance_bug_prediction/github_data_collection/projects/Anki-Android/AnkiDroid/src/main/java/com/ichi2/libanki/DB.java,5.28,1.96,3.8,0.44,0.6204,1.56,12.32,2.36,0.04,0.0,0.0,0.0,0.0,0.0,0.0,0.08,0.0,0.0,0.68,0.32,0.0,38,30,0,0,6,0,0,0
/home/gzhao/performance_bug_prediction/github_data_collection/projects/Anki-Android/AnkiDroid/src/main/java/com/ichi2/libanki/DeckConfig.java,7.0,0.0,5.0,1.0,0.0,2.0,4.0,2.0,0.0,0.0,0.0,0.0,0.0,0.0,0.0,0.0,0.0,0.0,0.0,2.0,0.0,0,0,0,0,0,0,0,0
/home/gzhao/performance_bug_prediction/github_data_collection/projects/Anki-Android/AnkiDroid/src/main/java/com/ichi2/libanki/Decks.java,8.394736842105264,1.8552631578947367,6.5394736842105265,0.7763157894736842,0.2356578947368421,2.1710526315789482,6.447368421052633,4.789473684210527,0.25,0.07894736842105263,0.0,0.0,0.0,0.0,0.0,0.0,0.3157894736842105,0.0,0.0,1.4868421052631582,0.0,557,464,2,0,31,2,0,1
/home/gzhao/performance_bug_prediction/github_data_collection/projects/Anki-Android/AnkiDroid/src/main/java/com/ichi2/libanki/Finder.java,18.466666666666665,4.033333333333333,14.0,1.5333333333333334,0.4803333333333333,5.166666666666667,4.166666666666667,8.2,1.6,0.2,0.16666666666666666,0.0,0.0,0.0,0.0,0.0,0.3,0.0,0.13333333333333333,1.9666666666666663,0.0,341,182,2,0,24,2,0,0
/home/gzhao/performance_bug_prediction/github_data_collection/projects/Anki-Android/AnkiDroid/src/main/java/com/ichi2/libanki/LaTeX.java,13.666666666666664,3.333333333333333,10.333333333333334,0.6666666666666666,0.3333333333333333,2.6666666666666665,4.666666666666667,6.0,0.0,0.0,0.0,0.0,0.0,0.0,0.0,0.0,0.0,0.0,0.0,0.3333333333333333,0.0,22,12,0,0,2,0,0,0
/home/gzhao/performance_bug_prediction/github_data_collection/projects/Anki-Android/AnkiDroid/src/main/java/com/ichi2/libanki/Media.java,8.634146341463415,3.4390243902439024,6.463414634146342,0.8048780487804879,0.5619512195121952,2.048780487804878,3.9512195121951215,4.463414634146342,0.2195121951219512,0.0,0.0975609756097561,0.0,0.0,0.0,0.12195121951219512,0.0,0.12195121951219512,0.8780487804878049,0.024390243902439025,0.5121951219512195,0.0,53,80,0,0,9,0,0,1
/home/gzhao/performance_bug_prediction/github_data_collection/projects/Anki-Android/AnkiDroid/src/main/java/com/ichi2/libanki/Models.java,11.220588235294118,2.3529411764705883,9.220588235294116,0.9558823529411764,0.3519117647058824,2.514705882352941,5.117647058823528,6.352941176470589,0.4411764705882353,0.05882352941176471,0.10294117647058824,0.0,0.0,0.0,0.0,0.0,0.4411764705882353,0.0,0.04411764705882353,2.2794117647058822,0.0,760,432,0,0,10,0,0,1
/home/gzhao/performance_bug_prediction/github_data_collection/projects/Anki-Android/AnkiDroid/src/main/java/com/ichi2/libanki/Note.java,5.696969696969697,1.1212121212121209,4.090909090909091,0.4848484848484849,0.20727272727272728,1.606060606060606,5.7272727272727275,3.6363636363636362,0.09090909090909093,0.0,0.030303030303030307,0.0,0.0,0.0,0.0,0.0,0.09090909090909093,0.0,0.060606060606060615,0.5757575757575758,0.0,38,29,0,0,5,0,0,0
/home/gzhao/performance_bug_prediction/github_data_collection/projects/Anki-Android/AnkiDroid/src/main/java/com/ichi2/libanki/Sound.java,8.263157894736842,4.0,6.0,0.6842105263157895,0.4563157894736842,1.9473684210526316,4.368421052631579,4.315789473684212,0.05263157894736842,0.0,0.0,0.0,0.0,0.0,0.0,0.0,0.0,0.0,0.0,0.8947368421052632,0.0,29,71,3,0,7,3,0,0
/home/gzhao/performance_bug_prediction/github_data_collection/projects/Anki-Android/AnkiDroid/src/main/java/com/ichi2/libanki/StdModels.java,7.9,0.0,6.5,0.0,0.0,0.9,3.0,5.8,0.0,0.0,0.0,0.0,0.0,0.0,0.0,0.0,0.0,0.0,0.0,0.1,0.0,2,4,1,0,1,1,0,0
/home/gzhao/performance_bug_prediction/github_data_collection/projects/Anki-Android/AnkiDroid/src/main/java/com/ichi2/libanki/Storage.java,14.444444444444445,2.2222222222222223,10.0,0.4444444444444444,0.06555555555555555,1.8888888888888888,3.888888888888889,4.2222222222222205,0.1111111111111111,0.0,0.0,0.0,0.0,0.0,0.0,0.0,0.0,0.0,0.0,1.5555555555555556,0.0,68,56,0,0,6,0,0,0
/home/gzhao/performance_bug_prediction/github_data_collection/projects/Anki-Android/AnkiDroid/src/main/java/com/ichi2/libanki/Tags.java,9.952380952380953,3.0476190476190474,7.3809523809523805,1.2857142857142858,0.4323809523809524,2.7142857142857144,4.142857142857143,5.3809523809523805,0.3809523809523809,0.19047619047619047,0.14285714285714285,0.0,0.0,0.0,0.0,0.0,0.3809523809523809,0.0,0.09523809523809523,1.9047619047619049,0.0,42,27,0,0,4,0,0,1
/home/gzhao/performance_bug_prediction/github_data_collection/projects/Anki-Android/AnkiDroid/src/main/java/com/ichi2/libanki/Utils.java,7.470588235294117,4.03921568627451,5.8431372549019605,0.5686274509803921,0.722156862745098,1.8627450980392157,7.03921568627451,3.8235294117647056,0.1176470588235294,0.0,0.0,0.0,0.0,0.0,0.17647058823529413,0.0,0.1176470588235294,0.7647058823529411,0.0,1.0,0.0,48,112,5,0,13,5,0,0
/home/gzhao/performance_bug_prediction/github_data_collection/projects/Anki-Android/AnkiDroid/src/main/java/com/ichi2/libanki/exception/NoSuchDeckException.java,3.0,1.0,2.0,0.0,0.33,1.0,1.0,1.0,0.0,0.0,0.0,0.0,0.0,0.0,0.0,0.0,0.0,0.0,0.0,0.0,0.0,0,0,0,0,0,0,0,0
/home/gzhao/performance_bug_prediction/github_data_collection/projects/Anki-Android/AnkiDroid/src/main/java/com/ichi2/libanki/importer/Anki2Importer.java,23.277777777777786,6.1111111111111125,17.833333333333332,1.4444444444444444,0.4772222222222222,4.055555555555555,4.4444444444444455,9.555555555555557,1.3333333333333333,0.05555555555555555,0.2222222222222222,0.0,0.0,0.0,0.3333333333333333,0.05555555555555555,0.3888888888888889,0.4444444444444444,0.6111111111111112,1.8888888888888888,0.0,138,105,0,0,7,0,0,0
/home/gzhao/performance_bug_prediction/github_data_collection/projects/Anki-Android/AnkiDroid/src/main/java/com/ichi2/libanki/importer/Importer.java,2.833333333333333,1.8333333333333333,2.0,0.0,0.61,0.8333333333333334,2.0,1.5,0.0,0.0,0.0,0.0,0.0,0.0,0.0,0.0,0.0,0.0,0.0,0.5,0.0,4,4,0,0,1,0,0,0
/home/gzhao/performance_bug_prediction/github_data_collection/projects/Anki-Android/AnkiDroid/src/main/java/com/ichi2/libanki/importer/NoteImporter.java,2.5,0.5,1.5,0.0,0.25,1.0,0.5,0.5,0.0,0.0,0.0,0.0,0.0,0.0,0.0,0.0,0.0,0.0,0.0,0.0,0.0,0,0,0,0,0,0,0,0
/home/gzhao/performance_bug_prediction/github_data_collection/projects/Anki-Android/AnkiDroid/src/main/java/com/ichi2/libanki/importer/TextImporter.java,2.0,1.0,1.0,0.0,0.5,1.0,0.0,0.0,0.0,0.0,0.0,0.0,0.0,0.0,0.0,0.0,0.0,0.0,0.0,0.6666666666666666,0.0,0,0,0,0,0,0,0,0
/home/gzhao/performance_bug_prediction/github_data_collection/projects/Anki-Android/AnkiDroid/src/main/java/com/ichi2/libanki/sched/AbstractSched.java,1.5138888888888888,1.1388888888888888,1.3194444444444444,0.041666666666666664,1.0481944444444444,0.125,1.8472222222222223,0.6666666666666666,0.013888888888888888,0.0,0.0,0.0,0.0,0.013888888888888888,0.0,0.0,0.0,0.0,0.0,0.2222222222222222,0.0,2,2,0,0,1,0,0,0
/home/gzhao/performance_bug_prediction/github_data_collection/projects/Anki-Android/AnkiDroid/src/main/java/com/ichi2/libanki/sched/Sched.java,13.345679012345679,2.9259259259259265,9.493827160493828,0.8518518518518519,0.188641975308642,2.9259259259259265,4.4938271604938285,7.234567901234567,0.1851851851851852,0.012345679012345678,0.04938271604938271,0.0,0.0,0.0,0.0,0.012345679012345678,0.1851851851851852,0.0,0.04938271604938271,2.0,0.0,860,200,2,0,22,2,0,0
/home/gzhao/performance_bug_prediction/github_data_collection/projects/Anki-Android/AnkiDroid/src/main/java/com/ichi2/libanki/sched/SchedV2.java,10.53658536585366,2.0853658536585367,7.579268292682928,0.6768292682926829,0.20804878048780487,2.408536585365854,4.5426829268292686,5.786585365853658,0.1524390243902439,0.018292682926829267,0.042682926829268296,0.0,0.0,0.0,0.0,0.012195121951219513,0.18292682926829268,0.0,0.042682926829268296,1.5182926829268293,0.0,256,314,1,0,33,4,0,1
/home/gzhao/performance_bug_prediction/github_data_collection/projects/Anki-Android/AnkiDroid/src/main/java/com/ichi2/libanki/stats/AdvancedStatistics.java,9.164556962025317,2.8607594936708862,7.189873417721517,0.6075949367088608,0.2455696202531645,2.1012658227848102,4.417721518987341,3.367088607594937,0.12658227848101267,0.0,0.12658227848101267,0.0,0.0,0.0,0.0,0.0,0.0379746835443038,0.012658227848101266,0.0379746835443038,1.2278481012658229,0.0,7,1,0,0,1,0,0,0
/home/gzhao/performance_bug_prediction/github_data_collection/projects/Anki-Android/AnkiDroid/src/main/java/com/ichi2/libanki/stats/Stats.java,36.607142857142854,3.7142857142857135,26.464285714285715,1.1785714285714286,0.11142857142857143,6.678571428571429,7.7857142857142865,13.321428571428573,1.1071428571428572,0.14285714285714285,0.07142857142857142,0.0,0.0,0.0,0.0,0.0,0.7142857142857143,0.0,0.5,3.071428571428572,0.0,0,0,0,0,0,0,0,0
/home/gzhao/performance_bug_prediction/github_data_collection/projects/Anki-Android/AnkiDroid/src/main/java/com/ichi2/libanki/sync/CountingFileRequestBody.java,5.0,0.0,3.5,0.5,0.0,1.0,1.75,2.5,0.0,0.0,0.0,0.0,0.0,0.0,0.0,0.0,0.0,1.25,0.0,0.25,0.0,0,0,0,0,0,0,0,0
/home/gzhao/performance_bug_prediction/github_data_collection/projects/Anki-Android/AnkiDroid/src/main/java/com/ichi2/libanki/sync/HostNum.java,3.0,0.0,2.0,0.0,0.0,1.0,3.0,1.25,0.0,0.0,0.0,0.0,0.0,0.0,0.0,0.0,0.0,0.0,0.0,0.5,0.0,10,36,1,0,2,1,0,0
/home/gzhao/performance_bug_prediction/github_data_collection/projects/Anki-Android/AnkiDroid/src/main/java/com/ichi2/libanki/sync/HttpSyncer.java,4.966666666666667,0.3,3.1666666666666665,0.3,0.08666666666666667,1.3,2.2333333333333334,2.3666666666666667,0.0,0.0,0.0,0.0,0.0,0.0,0.03333333333333333,0.0,0.0,0.1,0.03333333333333333,0.06666666666666668,0.0,103,154,4,0,13,4,0,1
/home/gzhao/performance_bug_prediction/github_data_collection/projects/Anki-Android/AnkiDroid/src/main/java/com/ichi2/libanki/sync/RemoteMediaServer.java,9.666666666666666,6.0,7.333333333333332,1.0,0.43,3.0,2.6666666666666665,5.666666666666668,0.0,0.0,0.0,0.0,0.0,0.0,0.0,0.0,0.0,0.0,0.0,0.6666666666666666,0.0,61,68,2,0,9,2,0,0
/home/gzhao/performance_bug_prediction/github_data_collection/projects/Anki-Android/AnkiDroid/src/main/java/com/ichi2/libanki/sync/RemoteServer.java,4.333333333333333,0.1111111111111111,3.0,0.1111111111111111,0.015555555555555557,1.1111111111111112,1.5555555555555556,3.888888888888889,0.0,0.0,0.0,0.0,0.0,0.0,0.0,0.0,0.0,0.0,0.0,0.0,0.0,39,32,2,0,6,2,0,0
/home/gzhao/performance_bug_prediction/github_data_collection/projects/Anki-Android/AnkiDroid/src/main/java/com/ichi2/libanki/sync/Syncer.java,13.8,1.2666666666666666,9.966666666666667,1.2,0.12666666666666665,3.2666666666666666,3.5,6.666666666666668,0.6333333333333333,0.26666666666666666,0.06666666666666668,0.0,0.0,0.0,0.0,0.0,0.43333333333333335,0.0,0.2,2.2666666666666666,0.0,238,236,5,0,8,5,0,0
/home/gzhao/performance_bug_prediction/github_data_collection/projects/Anki-Android/AnkiDroid/src/main/java/com/ichi2/libanki/sync/Tls12SocketFactory.java,3.75,1.25,2.5,0.25,0.20875,1.125,3.75,2.875,0.0,0.0,0.0,0.0,0.0,0.0,0.0,0.0,0.0,0.0,0.0,0.125,0.0,19,30,1,0,3,1,0,0
/home/gzhao/performance_bug_prediction/github_data_collection/projects/Anki-Android/AnkiDroid/src/main/java/com/ichi2/libanki/sync/UnifiedTrustManager.java,5.0,0.0,4.0,0.0,0.0,1.0,1.5,3.0,0.0,0.0,0.0,0.0,0.0,0.0,0.0,0.0,0.0,0.0,0.0,0.0,0.0,0,0,0,0,0,0,0,0
/home/gzhao/performance_bug_prediction/github_data_collection/projects/Anki-Android/AnkiDroid/src/main/java/com/ichi2/libanki/template/FuriganaFilters.java,8.5,0.25,6.25,1.0,0.035,2.0,4.0,6.5,0.0,0.0,0.0,0.0,0.0,0.0,0.0,0.0,0.0,0.0,0.0,0.0,0.0,0,0,0,0,0,0,0,0
/home/gzhao/performance_bug_prediction/github_data_collection/projects/Anki-Android/AnkiDroid/src/main/java/com/ichi2/libanki/template/Template.java,14.75,6.333333333333332,10.416666666666666,1.25,0.5291666666666667,3.25,3.75,6.333333333333332,1.0833333333333333,0.0,0.0,0.0,0.0,0.0,0.0,0.0,0.0,0.0,0.0,0.5833333333333334,0.0,288,339,5,0,38,5,0,0
/home/gzhao/performance_bug_prediction/github_data_collection/projects/Anki-Android/AnkiDroid/src/main/java/com/ichi2/libanki/utils/SystemTime.java,3.0,0.0,2.0,0.0,0.0,1.0,0.0,1.75,0.0,0.0,0.0,0.0,0.0,0.0,0.0,0.0,0.0,0.0,0.0,0.0,0.0,0,0,0,0,0,0,0,0
/home/gzhao/performance_bug_prediction/github_data_collection/projects/Anki-Android/AnkiDroid/src/main/java/com/ichi2/libanki/utils/Time.java,1.0,0.6666666666666666,1.0,0.0,0.6666666666666666,0.0,6.666666666666668,1.0,0.0,0.0,0.0,0.0,0.0,0.0,0.0,0.0,0.0,0.0,0.0,0.0,0.0,0,0,0,0,0,0,0,0
/home/gzhao/performance_bug_prediction/github_data_collection/projects/Anki-Android/AnkiDroid/src/main/java/com/ichi2/libanki/utils/TimeUtils.java,3.0,0.0,2.0,0.0,0.0,1.0,4.0,3.0,0.0,0.0,0.0,0.0,0.0,0.0,0.0,0.0,0.0,0.0,0.0,0.0,0.0,0,0,0,0,0,0,0,0
/home/gzhao/performance_bug_prediction/github_data_collection/projects/Anki-Android/AnkiDroid/src/main/java/com/ichi2/preferences/CustomDialogPreference.java,23.0,4.0,17.0,3.0,0.17,6.0,3.0,13.0,0.0,0.0,0.0,0.0,0.0,0.0,0.0,0.0,0.0,0.0,0.0,1.0,0.0,0,0,0,0,0,0,0,0
/home/gzhao/performance_bug_prediction/github_data_collection/projects/Anki-Android/AnkiDroid/src/main/java/com/ichi2/preferences/NumberRangePreference.java,4.888888888888889,3.888888888888889,3.5555555555555562,0.2222222222222222,0.8155555555555556,1.5555555555555556,3.333333333333333,3.2222222222222223,0.0,0.0,0.0,0.0,0.0,0.0,0.0,0.0,0.0,0.0,0.0,1.0,0.0,2,2,0,0,1,0,0,0
/home/gzhao/performance_bug_prediction/github_data_collection/projects/Anki-Android/AnkiDroid/src/main/java/com/ichi2/preferences/PreferenceExtensions.java,8.0,6.0,6.0,1.0,0.75,2.0,4.0,7.0,0.0,0.0,0.0,0.0,0.0,0.0,0.0,0.0,0.0,0.0,0.0,1.0,0.0,7,3,0,0,1,0,0,0
/home/gzhao/performance_bug_prediction/github_data_collection/projects/Anki-Android/AnkiDroid/src/main/java/com/ichi2/preferences/StepsPreference.java,8.2,3.8,6.2,1.2,0.688,2.4,3.4,5.4,0.0,0.2,0.0,0.0,0.0,0.0,0.0,0.0,0.0,0.0,0.0,1.2,0.0,16,12,1,0,2,1,0,0
/home/gzhao/performance_bug_prediction/github_data_collection/projects/Anki-Android/AnkiDroid/src/main/java/com/ichi2/preferences/TimePreference.java,6.666666666666668,0.0,4.666666666666667,0.6666666666666666,0.0,1.6666666666666667,3.0,4.666666666666667,0.0,0.0,0.0,0.0,0.0,0.0,0.0,0.0,0.0,0.0,0.0,0.6666666666666666,0.0,0,0,0,0,0,0,0,0
/home/gzhao/performance_bug_prediction/github_data_collection/projects/Anki-Android/AnkiDroid/src/main/java/com/ichi2/themes/HtmlColors.java,13.0,0.0,11.0,2.0,0.0,4.0,6.0,6.0,0.0,1.0,0.0,0.0,0.0,0.0,0.0,0.0,1.0,0.0,0.0,3.0,0.0,3,2,0,0,1,0,0,0
/home/gzhao/performance_bug_prediction/github_data_collection/projects/Anki-Android/AnkiDroid/src/main/java/com/ichi2/themes/StyledProgressDialog.java,4.285714285714286,0.42857142857142855,1.8571428571428568,0.14285714285714285,0.21428571428571427,1.1428571428571428,4.285714285714286,1.8571428571428568,0.0,0.0,0.0,0.0,0.0,0.0,0.0,0.0,0.0,0.0,0.0,0.7142857142857143,0.0,0,0,0,0,0,0,0,0
/home/gzhao/performance_bug_prediction/github_data_collection/projects/Anki-Android/AnkiDroid/src/main/java/com/ichi2/themes/Themes.java,11.428571428571427,0.5714285714285714,8.142857142857142,1.0,0.07142857142857142,2.8571428571428568,4.285714285714286,4.428571428571429,0.0,0.0,0.0,0.0,0.0,0.0,0.0,0.0,0.0,0.0,0.0,1.7142857142857142,0.0,0,0,0,0,0,0,0,0
/home/gzhao/performance_bug_prediction/github_data_collection/projects/Anki-Android/AnkiDroid/src/main/java/com/ichi2/ui/ActionBarOverflow.java,5.75,2.0,4.25,0.25,0.205,1.25,3.5,3.25,0.0,0.0,0.0,0.0,0.0,0.0,0.0,0.0,0.0,0.0,0.0,0.25,0.0,76,111,0,0,4,0,0,0
/home/gzhao/performance_bug_prediction/github_data_collection/projects/Anki-Android/AnkiDroid/src/main/java/com/ichi2/ui/AppCompatPreferenceActivity.java,3.5,0.0,2.5,0.0,0.0,1.0,1.375,2.25,0.0,0.0,0.0,0.0,0.0,0.0,0.0,0.0,0.0,0.0,0.0,0.5625,0.0,0,0,0,0,0,0,0,0
/home/gzhao/performance_bug_prediction/github_data_collection/projects/Anki-Android/AnkiDroid/src/main/java/com/ichi2/ui/ButtonItemAdapter.java,4.111111111111111,0.4444444444444444,2.6666666666666665,0.1111111111111111,0.1111111111111111,1.0,2.6666666666666665,2.1111111111111107,0.0,0.0,0.0,0.0,0.0,0.0,0.0,0.0,0.0,0.0,0.0,0.6666666666666666,0.0,0,0,0,0,0,0,0,0
/home/gzhao/performance_bug_prediction/github_data_collection/projects/Anki-Android/AnkiDroid/src/main/java/com/ichi2/ui/ConfirmationPreference.java,3.0,0.0,1.6,0.2,0.0,1.2,1.2,1.0,0.0,0.0,0.0,0.0,0.0,0.0,0.0,0.0,0.0,0.0,0.0,0.4,0.0,0,0,0,0,0,0,0,0
/home/gzhao/performance_bug_prediction/github_data_collection/projects/Anki-Android/AnkiDroid/src/main/java/com/ichi2/ui/SeekBarPreference.java,7.8888888888888875,0.0,5.8888888888888875,0.5555555555555556,0.0,1.8888888888888888,3.7777777777777777,4.5555555555555545,0.0,0.0,0.0,0.0,0.0,0.0,0.0,0.0,0.0,0.0,0.0,2.0,0.0,0,0,0,0,0,0,0,0
/home/gzhao/performance_bug_prediction/github_data_collection/projects/Anki-Android/AnkiDroid/src/main/java/com/ichi2/ui/SlidingTabLayout.java,7.8,2.6666666666666665,5.8,0.7333333333333333,0.958,2.0,3.2666666666666666,3.6666666666666665,0.26666666666666666,0.0,0.0,0.0,0.0,0.0,0.0,0.0,0.2,0.0,0.0,2.066666666666667,0.0,0,0,0,0,0,0,0,0
/home/gzhao/performance_bug_prediction/github_data_collection/projects/Anki-Android/AnkiDroid/src/main/java/com/ichi2/ui/SlidingTabStrip.java,7.0,1.3636363636363635,5.2727272727272725,0.2727272727272727,0.21545454545454545,1.4545454545454546,3.8181818181818175,3.5454545454545454,0.0,0.0,0.0,0.0,0.0,0.0,0.0,0.0,0.09090909090909093,0.0,0.0,1.0,0.0,0,0,0,0,0,0,0,0
/home/gzhao/performance_bug_prediction/github_data_collection/projects/Anki-Android/AnkiDroid/src/main/java/com/ichi2/utils/AdaptionUtil.java,15.0,1.5,11.0,1.5,0.07,3.5,7.5,6.0,1.0,0.0,0.0,0.0,0.0,0.0,0.0,0.0,0.5,0.0,0.0,1.5,0.0,18,68,0,0,3,0,0,0
/home/gzhao/performance_bug_prediction/github_data_collection/projects/Anki-Android/AnkiDroid/src/main/java/com/ichi2/utils/Assert.java,6.0,0.0,4.0,1.0,0.0,2.0,11.0,1.0,0.0,0.0,0.0,0.0,0.0,0.0,0.0,0.0,0.0,0.0,0.0,0.0,0.0,3,4,0,0,1,0,0,0
/home/gzhao/performance_bug_prediction/github_data_collection/projects/Anki-Android/AnkiDroid/src/main/java/com/ichi2/utils/DeckComparator.java,3.0,0.0,2.0,0.0,0.0,1.0,3.0,3.0,0.0,0.0,0.0,0.0,0.0,0.0,0.0,0.0,0.0,0.0,0.0,0.0,0.0,0,0,0,0,0,0,0,0
/home/gzhao/performance_bug_prediction/github_data_collection/projects/Anki-Android/AnkiDroid/src/main/java/com/ichi2/utils/DeckNameComparator.java,11.0,0.0,10.0,2.0,0.0,3.0,4.0,5.0,1.0,0.0,0.0,0.0,0.0,0.0,0.0,0.0,0.0,0.0,0.0,0.0,0.0,13,7,0,0,2,0,0,0
/home/gzhao/performance_bug_prediction/github_data_collection/projects/Anki-Android/AnkiDroid/src/main/java/com/ichi2/utils/DiffEngine.java,7.0,2.5,5.0,0.5,0.3425,2.0,4.25,4.0,0.0,0.0,0.0,0.0,0.0,0.0,0.0,0.0,0.0,0.0,0.0,0.0,0.0,5,5,0,0,1,0,0,0
/home/gzhao/performance_bug_prediction/github_data_collection/projects/Anki-Android/AnkiDroid/src/main/java/com/ichi2/utils/FunctionalInterfaces.java,1.0,0.0,1.0,0.0,0.0,0.0,1.75,0.75,0.0,0.0,0.0,0.0,0.0,0.0,0.0,0.0,0.0,0.0,0.0,0.0,0.0,2,8,0,0,1,0,0,0
/home/gzhao/performance_bug_prediction/github_data_collection/projects/Anki-Android/AnkiDroid/src/main/java/com/ichi2/utils/HtmlUtils.java,7.0,1.0,5.0,1.0,0.14,2.0,2.0,2.0,0.0,0.0,0.0,0.0,0.0,0.0,0.0,0.0,0.0,0.0,0.0,0.0,0.0,0,0,0,0,0,0,0,0
/home/gzhao/performance_bug_prediction/github_data_collection/projects/Anki-Android/AnkiDroid/src/main/java/com/ichi2/utils/ImportUtils.java,9.615384615384617,2.6923076923076925,6.538461538461537,0.6923076923076923,0.40692307692307694,2.0769230769230766,3.7692307692307687,6.3076923076923075,0.0,0.0,0.0,0.0,0.0,0.0,0.0,0.0,0.0,2.8461538461538463,0.07692307692307693,0.38461538461538464,0.0,290,376,2,0,15,2,0,0
/home/gzhao/performance_bug_prediction/github_data_collection/projects/Anki-Android/AnkiDroid/src/main/java/com/ichi2/utils/JSONArray.java,9.0,4.0,7.0,1.0,1.0,2.5,1.5,5.0,1.0,0.0,0.0,0.0,0.0,0.0,0.0,0.0,1.0,0.0,0.0,4.5,0.0,5,5,0,0,2,0,0,0
/home/gzhao/performance_bug_prediction/github_data_collection/projects/Anki-Android/AnkiDroid/src/main/java/com/ichi2/utils/JSONException.java,5.0,0.0,3.0,0.5,0.0,1.5,1.0,1.5,0.0,0.0,0.0,0.0,0.0,0.0,0.0,0.0,0.0,0.0,0.0,0.0,0.0,0,0,0,0,0,0,0,0
/home/gzhao/performance_bug_prediction/github_data_collection/projects/Anki-Android/AnkiDroid/src/main/java/com/ichi2/utils/JSONObject.java,5.833333333333332,2.6666666666666665,4.0,0.5,0.7216666666666667,1.6666666666666667,3.8333333333333335,3.1666666666666665,0.3333333333333333,0.0,0.0,0.0,0.0,0.0,0.0,0.0,0.3333333333333333,0.0,0.0,1.6666666666666667,0.0,9,29,1,0,3,1,0,0
/home/gzhao/performance_bug_prediction/github_data_collection/projects/Anki-Android/AnkiDroid/src/main/java/com/ichi2/utils/JSONTokener.java,12.0,0.0,7.0,1.0,0.0,3.0,2.0,6.0,0.0,0.0,0.0,0.0,0.0,0.0,0.0,0.0,0.0,0.0,0.0,0.0,0.0,0,0,0,0,0,0,0,0
/home/gzhao/performance_bug_prediction/github_data_collection/projects/Anki-Android/AnkiDroid/src/main/java/com/ichi2/utils/LanguageUtil.java,3.25,2.5,2.25,0.0,0.73,1.0,3.0,3.75,0.0,0.0,0.0,0.0,0.0,0.0,0.0,0.0,0.0,0.0,0.0,0.0,0.0,27,57,0,0,7,0,0,0
/home/gzhao/performance_bug_prediction/github_data_collection/projects/Anki-Android/AnkiDroid/src/main/java/com/ichi2/utils/MethodLogger.java,9.333333333333334,9.333333333333334,6.666666666666668,0.6666666666666666,1.1933333333333334,2.333333333333333,3.6666666666666665,3.333333333333333,0.3333333333333333,0.0,0.0,0.0,0.0,0.6666666666666666,0.0,0.0,0.0,0.0,0.0,0.0,0.0,0,0,0,0,0,0,0,0
/home/gzhao/performance_bug_prediction/github_data_collection/projects/Anki-Android/AnkiDroid/src/main/java/com/ichi2/utils/NamedJSONComparator.java,7.0,0.0,6.0,0.0,0.0,1.0,2.0,3.0,0.0,0.0,0.0,0.0,0.0,0.0,0.0,0.0,0.0,0.0,0.0,0.0,0.0,0,0,0,0,0,0,0,0
/home/gzhao/performance_bug_prediction/github_data_collection/projects/Anki-Android/AnkiDroid/src/main/java/com/ichi2/utils/Permissions.java,3.0,1.0,2.0,0.0,0.33399999999999996,1.0,4.4,2.0,0.0,0.0,0.0,0.0,0.2,0.0,0.0,0.0,0.0,0.0,0.0,0.0,0.0,0,0,0,0,0,0,0,0
/home/gzhao/performance_bug_prediction/github_data_collection/projects/Anki-Android/AnkiDroid/src/main/java/com/ichi2/utils/Threads.java,4.5,3.875,2.875,0.5,1.205,1.5,1.25,2.125,0.0,0.0,0.0,0.0,0.0,3.125,0.0,0.0,0.0,0.0,0.0,0.0,0.0,0,0,0,0,0,0,0,0
/home/gzhao/performance_bug_prediction/github_data_collection/projects/Anki-Android/AnkiDroid/src/main/java/com/ichi2/utils/VersionUtils.java,5.0,4.0,4.0,0.0,0.8,1.0,1.0,6.0,0.0,0.0,0.0,0.0,0.0,0.0,0.0,0.0,0.0,0.0,0.0,0.0,0.0,5,8,0,0,1,0,0,0
/home/gzhao/performance_bug_prediction/github_data_collection/projects/Anki-Android/AnkiDroid/src/main/java/com/ichi2/utils/WebViewDebugging.java,6.0,8.0,4.0,1.0,1.33,2.0,2.0,2.0,0.0,0.0,0.0,0.0,0.0,0.0,0.0,0.0,0.0,0.0,0.0,1.0,0.0,4,4,0,0,1,0,0,0
/home/gzhao/performance_bug_prediction/github_data_collection/projects/Anki-Android/AnkiDroid/src/main/java/com/ichi2/widget/AddNoteWidget.java,7.0,0.0,6.0,0.0,0.0,1.0,3.5,5.5,0.0,0.0,0.0,0.0,0.0,0.0,0.0,0.0,0.0,0.0,0.0,0.5,0.0,5,5,0,0,2,0,0,0
/home/gzhao/performance_bug_prediction/github_data_collection/projects/Anki-Android/AnkiDroid/src/main/java/com/ichi2/widget/AnkiDroidWidgetSmall.java,15.2,0.4,11.4,1.0,0.006,2.3,4.0,7.5,0.2,0.0,0.0,0.0,0.0,0.0,0.0,0.0,0.3,0.0,0.0,1.9,0.0,9,44,1,0,3,1,0,0
/home/gzhao/performance_bug_prediction/github_data_collection/projects/Anki-Android/AnkiDroid/src/main/java/com/ichi2/widget/WidgetStatus.java,8.8,1.8,7.2,0.6,0.18600000000000005,1.6,5.4,5.6,0.0,0.0,0.0,0.0,0.0,0.0,0.0,0.0,0.0,0.0,0.0,0.6,0.0,3,5,0,0,1,0,0,0
/home/gzhao/performance_bug_prediction/github_data_collection/projects/Anki-Android/AnkiDroid/src/main/java/com/wildplot/android/parsing/Atom.java,9.333333333333334,0.0,6.166666666666668,0.9166666666666666,0.0,2.9166666666666665,5.083333333333333,4.583333333333333,0.0,0.0,0.0,0.0,0.0,0.0,0.0,0.0,0.0,0.0,0.0,0.0,0.0,0,0,0,0,0,0,0,0
/home/gzhao/performance_bug_prediction/github_data_collection/projects/Anki-Android/AnkiDroid/src/main/java/com/wildplot/android/parsing/AtomTypes/FunctionXAtom.java,10.25,0.25,7.25,1.25,0.035,2.25,4.0,5.25,0.0,0.0,0.0,0.0,0.0,0.0,0.0,0.0,0.0,0.0,0.0,0.0,0.0,0,0,0,0,0,0,0,0
/home/gzhao/performance_bug_prediction/github_data_collection/projects/Anki-Android/AnkiDroid/src/main/java/com/wildplot/android/parsing/AtomTypes/FunctionXYAtom.java,12.75,0.5,9.75,1.5,0.015,2.75,4.5,5.75,0.75,0.25,0.0,0.0,0.0,0.0,0.0,0.0,0.0,0.0,0.0,0.0,0.0,0,0,0,0,0,0,0,0
/home/gzhao/performance_bug_prediction/github_data_collection/projects/Anki-Android/AnkiDroid/src/main/java/com/wildplot/android/parsing/AtomTypes/MathFunctionAtom.java,19.2,0.0,11.8,1.0,0.0,6.6,7.8,5.4,0.0,0.0,0.0,0.0,0.0,0.0,0.0,0.0,0.0,0.0,0.0,0.0,0.0,0,0,0,0,0,0,0,0
/home/gzhao/performance_bug_prediction/github_data_collection/projects/Anki-Android/AnkiDroid/src/main/java/com/wildplot/android/parsing/AtomTypes/NumberAtom.java,5.666666666666668,0.0,3.333333333333333,0.6666666666666666,0.0,1.6666666666666667,2.333333333333333,1.6666666666666667,0.0,0.0,0.0,0.0,0.0,0.0,0.0,0.0,0.0,0.0,0.0,0.0,0.0,0,0,0,0,0,0,0,0
/home/gzhao/performance_bug_prediction/github_data_collection/projects/Anki-Android/AnkiDroid/src/main/java/com/wildplot/android/parsing/AtomTypes/VariableAtom.java,4.333333333333333,0.0,2.6666666666666665,0.3333333333333333,0.0,1.3333333333333333,2.0,1.6666666666666667,0.0,0.0,0.0,0.0,0.0,0.0,0.0,0.0,0.0,0.0,0.0,0.0,0.0,0,0,0,0,0,0,0,0
/home/gzhao/performance_bug_prediction/github_data_collection/projects/Anki-Android/AnkiDroid/src/main/java/com/wildplot/android/parsing/AtomTypes/XVariableAtom.java,5.0,0.0,3.0,0.5,0.0,1.5,1.5,2.0,0.0,0.0,0.0,0.0,0.0,0.0,0.0,0.0,0.0,0.0,0.0,0.0,0.0,0,0,0,0,0,0,0,0
/home/gzhao/performance_bug_prediction/github_data_collection/projects/Anki-Android/AnkiDroid/src/main/java/com/wildplot/android/parsing/AtomTypes/YVariableAtom.java,5.0,0.0,3.0,0.5,0.0,1.5,1.5,2.0,0.0,0.0,0.0,0.0,0.0,0.0,0.0,0.0,0.0,0.0,0.0,0.0,0.0,0,0,0,0,0,0,0,0
/home/gzhao/performance_bug_prediction/github_data_collection/projects/Anki-Android/AnkiDroid/src/main/java/com/wildplot/android/parsing/Expression.java,13.333333333333336,0.0,8.833333333333334,1.1666666666666667,0.0,4.166666666666667,7.166666666666668,4.333333333333333,1.3333333333333333,0.0,0.0,0.0,0.0,0.0,0.0,0.0,0.0,0.0,0.0,0.0,0.0,0,0,0,0,0,0,0,0
/home/gzhao/performance_bug_prediction/github_data_collection/projects/Anki-Android/AnkiDroid/src/main/java/com/wildplot/android/parsing/Factor.java,9.428571428571429,0.0,6.142857142857142,1.0,0.0,2.8571428571428568,5.7142857142857135,4.142857142857143,0.0,0.0,0.0,0.0,0.0,0.0,0.0,0.0,0.0,0.0,0.0,0.0,0.0,0,0,0,0,0,0,0,0
/home/gzhao/performance_bug_prediction/github_data_collection/projects/Anki-Android/AnkiDroid/src/main/java/com/wildplot/android/parsing/Pow.java,12.0,0.0,8.142857142857142,1.2857142857142858,0.0,3.4285714285714284,5.0,5.7142857142857135,0.0,0.0,0.0,0.0,0.0,0.0,0.0,0.0,0.0,0.0,0.0,0.0,0.0,0,0,0,0,0,0,0,0
/home/gzhao/performance_bug_prediction/github_data_collection/projects/Anki-Android/AnkiDroid/src/main/java/com/wildplot/android/parsing/Term.java,12.833333333333336,0.0,8.5,1.1666666666666667,0.0,4.0,5.333333333333333,4.166666666666667,1.3333333333333333,0.0,0.0,0.0,0.0,0.0,0.0,0.0,0.0,0.0,0.0,0.0,0.0,0,0,0,0,0,0,0,0
/home/gzhao/performance_bug_prediction/github_data_collection/projects/Anki-Android/AnkiDroid/src/main/java/com/wildplot/android/parsing/TopLevelParser.java,7.666666666666668,0.0,5.6,0.5333333333333333,0.0,1.933333333333333,3.1333333333333333,2.6666666666666665,0.2,0.0,0.0,0.0,0.0,0.0,0.0,0.0,0.0,0.0,0.5333333333333333,0.4666666666666667,0.0,0,0,0,0,0,0,0,0
/home/gzhao/performance_bug_prediction/github_data_collection/projects/Anki-Android/AnkiDroid/src/main/java/com/wildplot/android/parsing/TreeElement.java,1.0,0.0,1.0,0.0,0.0,0.0,1.0,1.0,0.0,0.0,0.0,0.0,0.0,0.0,0.0,0.0,0.0,0.0,0.0,0.0,0.0,0,0,0,0,0,0,0,0
/home/gzhao/performance_bug_prediction/github_data_collection/projects/Anki-Android/AnkiDroid/src/main/java/com/wildplot/android/rendering/BarGraph.java,5.181818181818182,2.5454545454545454,3.4545454545454546,0.2727272727272727,0.5663636363636364,1.4545454545454546,2.4545454545454546,1.6363636363636365,0.0,0.0,0.0,0.0,0.0,0.0,0.0,0.0,0.0,0.0,0.0,0.5454545454545454,0.0,0,0,0,0,0,0,0,0
/home/gzhao/performance_bug_prediction/github_data_collection/projects/Anki-Android/AnkiDroid/src/main/java/com/wildplot/android/rendering/DrawableContainer.java,3.333333333333333,0.0,2.333333333333333,0.16666666666666666,0.0,1.1666666666666667,1.6666666666666667,1.1666666666666667,0.0,0.0,0.0,0.0,0.0,0.0,0.0,0.0,0.0,0.0,0.0,0.3333333333333333,0.0,0,0,0,0,0,0,0,0
/home/gzhao/performance_bug_prediction/github_data_collection/projects/Anki-Android/AnkiDroid/src/main/java/com/wildplot/android/rendering/LegendDrawable.java,3.0,0.0,2.0,0.0,0.0,1.0,0.7777777777777778,1.0,0.0,0.0,0.0,0.0,0.0,0.0,0.0,0.0,0.0,0.0,0.0,0.3333333333333333,0.0,0,0,0,0,0,0,0,0
/home/gzhao/performance_bug_prediction/github_data_collection/projects/Anki-Android/AnkiDroid/src/main/java/com/wildplot/android/rendering/Lines.java,5.8888888888888875,0.2222222222222222,4.888888888888889,0.2222222222222222,0.008888888888888889,1.2222222222222223,2.1111111111111107,2.6666666666666665,0.1111111111111111,0.0,0.0,0.0,0.0,0.0,0.0,0.0,0.4444444444444444,0.0,0.0,1.2222222222222223,0.0,0,0,0,0,0,0,0,0
/home/gzhao/performance_bug_prediction/github_data_collection/projects/Anki-Android/AnkiDroid/src/main/java/com/wildplot/android/rendering/MultiScreenPart.java,3.0,5.0,2.0,0.0,1.67,1.0,1.25,1.0,0.0,0.0,0.0,0.0,0.0,0.0,0.0,0.0,0.0,0.0,0.0,0.25,0.0,0,0,0,0,0,0,0,0
/home/gzhao/performance_bug_prediction/github_data_collection/projects/Anki-Android/AnkiDroid/src/main/java/com/wildplot/android/rendering/PieChart.java,7.25,0.16666666666666666,5.75,0.4166666666666667,0.01,1.5833333333333333,3.75,2.583333333333333,0.16666666666666666,0.0,0.0,0.0,0.0,0.0,0.0,0.0,0.25,0.0,0.0,0.6666666666666666,0.0,0,0,0,0,0,0,0,0
/home/gzhao/performance_bug_prediction/github_data_collection/projects/Anki-Android/AnkiDroid/src/main/java/com/wildplot/android/rendering/PlotSheet.java,10.5,3.272727272727273,7.7727272727272725,0.4545454545454545,0.7209090909090908,2.227272727272727,6.363636363636362,3.9090909090909087,0.5454545454545454,0.13636363636363635,0.0,0.0,0.0,0.0,0.0,0.0,0.2272727272727273,0.0,0.0,1.6363636363636365,0.0,0,0,0,0,0,0,0,0
/home/gzhao/performance_bug_prediction/github_data_collection/projects/Anki-Android/AnkiDroid/src/main/java/com/wildplot/android/rendering/XAxis.java,10.235294117647056,3.1764705882352944,7.294117647058822,0.7647058823529411,0.4835294117647058,2.8235294117647056,6.588235294117648,4.235294117647058,0.5294117647058824,0.0,0.0,0.0,0.0,0.0,0.0,0.0,0.0,0.0,0.0,0.29411764705882354,0.0,0,0,0,0,0,0,0,0
/home/gzhao/performance_bug_prediction/github_data_collection/projects/Anki-Android/AnkiDroid/src/main/java/com/wildplot/android/rendering/XGrid.java,6.333333333333332,1.1666666666666667,4.5,0.3333333333333333,0.195,1.5,2.1666666666666665,2.6666666666666665,0.0,0.16666666666666666,0.0,0.0,0.0,0.0,0.0,0.0,0.0,0.0,0.0,0.5,0.0,0,0,0,0,0,0,0,0
/home/gzhao/performance_bug_prediction/github_data_collection/projects/Anki-Android/AnkiDroid/src/main/java/com/wildplot/android/rendering/YAxis.java,13.5625,3.625,9.6875,0.5625,0.5025,3.0,6.3125,5.0625,0.6875,0.0,0.0,0.0,0.0,0.0,0.0,0.0,0.0,0.0,0.0,0.375,0.0,0,0,0,0,0,0,0,0
/home/gzhao/performance_bug_prediction/github_data_collection/projects/Anki-Android/AnkiDroid/src/main/java/com/wildplot/android/rendering/YGrid.java,5.4444444444444455,0.7777777777777778,3.888888888888889,0.3333333333333333,0.13,1.3333333333333333,2.888888888888889,2.4444444444444446,0.0,0.0,0.0,0.0,0.0,0.0,0.0,0.0,0.0,0.0,0.0,0.4444444444444444,0.0,0,0,0,0,0,0,0,0
/home/gzhao/performance_bug_prediction/github_data_collection/projects/Anki-Android/AnkiDroid/src/main/java/com/wildplot/android/rendering/graphics/wrapper/ColorWrap.java,3.0,0.0,2.0,0.0,0.0,1.0,2.75,1.75,0.0,0.0,0.0,0.0,0.0,0.0,0.0,0.0,0.0,0.0,0.0,0.0,0.0,0,0,0,0,0,0,0,0
/home/gzhao/performance_bug_prediction/github_data_collection/projects/Anki-Android/AnkiDroid/src/main/java/com/wildplot/android/rendering/graphics/wrapper/FontMetricsWrap.java,3.0,0.0,2.0,0.0,0.0,1.0,9.5,3.0,0.0,0.0,0.0,0.0,0.0,0.0,0.0,0.0,0.0,0.0,0.0,0.0,0.0,0,0,0,0,0,0,0,0
/home/gzhao/performance_bug_prediction/github_data_collection/projects/Anki-Android/AnkiDroid/src/main/java/com/wildplot/android/rendering/graphics/wrapper/GraphicsWrap.java,4.238095238095238,0.0,3.1428571428571432,0.09523809523809523,0.0,1.0952380952380951,7.2857142857142865,2.142857142857143,0.0,0.0,0.0,0.0,0.0,0.0,0.0,0.0,0.0,0.0,0.0,0.9523809523809524,0.0,0,0,0,0,0,0,0,0
/home/gzhao/performance_bug_prediction/github_data_collection/projects/Anki-Android/AnkiDroid/src/main/java/com/wildplot/android/rendering/graphics/wrapper/RectangleWrap.java,3.0,0.0,2.0,0.0,0.0,1.0,1.0,1.0,0.0,0.0,0.0,0.0,0.0,0.0,0.0,0.0,0.0,0.0,0.0,0.0,0.0,0,0,0,0,0,0,0,0
/home/gzhao/performance_bug_prediction/github_data_collection/projects/Anki-Android/AnkiDroid/src/main/java/com/wildplot/android/rendering/graphics/wrapper/StrokeWrap.java,3.0,0.0,2.0,0.0,0.0,1.0,2.0,1.0,0.0,0.0,0.0,0.0,0.0,0.0,0.0,0.0,0.0,0.0,0.0,0.0,0.0,0,0,0,0,0,0,0,0
/home/gzhao/performance_bug_prediction/github_data_collection/projects/Anki-Android/AnkiDroid/src/main/java/com/wildplot/android/rendering/interfaces/Drawable.java,1.0,2.25,1.0,0.0,2.25,0.0,1.5,0.75,0.0,0.0,0.0,0.0,0.0,0.0,0.0,0.0,0.0,0.0,0.0,0.0,0.0,0,0,0,0,0,0,0,0
/home/gzhao/performance_bug_prediction/github_data_collection/projects/Anki-Android/AnkiDroid/src/main/java/com/wildplot/android/rendering/interfaces/Function2D.java,1.0,4.0,1.0,0.0,4.0,0.0,0.0,1.0,0.0,0.0,0.0,0.0,0.0,0.0,0.0,0.0,0.0,0.0,0.0,0.0,0.0,0,0,0,0,0,0,0,0
/home/gzhao/performance_bug_prediction/github_data_collection/projects/Anki-Android/AnkiDroid/src/main/java/com/wildplot/android/rendering/interfaces/Function3D.java,1.0,6.0,1.0,0.0,6.0,0.0,0.0,1.0,0.0,0.0,0.0,0.0,0.0,0.0,0.0,0.0,0.0,0.0,0.0,0.0,0.0,0,0,0,0,0,0,0,0
/home/gzhao/performance_bug_prediction/github_data_collection/projects/Anki-Android/AnkiDroid/src/main/java/com/wildplot/android/rendering/interfaces/Legendable.java,1.0,0.0,1.0,0.0,0.0,0.0,1.0,1.0,0.0,0.0,0.0,0.0,0.0,0.0,0.0,0.0,0.0,0.0,0.0,0.3333333333333333,0.0,0,0,0,0,0,0,0,0
/home/gzhao/performance_bug_prediction/github_data_collection/projects/Anki-Android/api/src/main/java/com/ichi2/anki/api/AddContentApi.java,11.0,5.277777777777779,8.13888888888889,1.1388888888888888,1.0827777777777778,2.4166666666666665,4.6944444444444455,5.4444444444444455,0.25,0.08333333333333333,0.05555555555555555,0.0,0.0,0.0,0.0,0.0,0.5555555555555556,0.05555555555555555,0.0,2.5277777777777777,0.0,0,0,0,0,0,0,0,0
/home/gzhao/performance_bug_prediction/github_data_collection/projects/Anki-Android/api/src/main/java/com/ichi2/anki/api/NoteInfo.java,3.0,1.0,2.0,0.0,0.33,1.0,2.0,1.25,0.0,0.0,0.0,0.0,0.0,0.0,0.0,0.0,0.0,0.0,0.0,0.25,0.0,0,0,0,0,0,0,0,0
/home/gzhao/performance_bug_prediction/github_data_collection/projects/Anki-Android/api/src/main/java/com/ichi2/anki/api/Utils.java,6.285714285714287,2.0,4.857142857142857,0.42857142857142855,0.2642857142857143,1.8571428571428568,3.7142857142857135,4.0,0.0,0.0,0.0,0.0,0.0,0.0,0.0,0.0,0.0,0.0,0.0,0.2857142857142857,0.0,0,0,0,0,0,0,0,0
